Workbook

Sheet Charts
A1: Regional Distribution of Sales by Product

Sheet Whisky Cask Sorted Sales
B1: Whisky Cask Sales Sorted by Area Per Region
B3: England | E3: Scotland | H3: Wales | K3: N.Ireland
B4: Area | C4: Sales | E4: Area | F4: Sales | H4: Area | I4: Sales | K4: Area | L4: Sales
B5: =Data!G52 -> NE | C5: =Data!I52 -> 3639.95 | E5: =Data!G14 -> EH | F5: =Data!I14 -> 5327.2 | H5: =Data!G25 -> NP | I5: =Data!I25 -> 2688 | K5: =Data!G16 -> BT | L5: =Data!I16 -> 694
B6: =Data!G39 -> SK | C6: =Data!I39 -> 2625.15 | E6: =Data!G8 -> AB | F6: =Data!I8 -> 2811.55 | H6: =Data!G13 -> CF | I6: =Data!I13 -> 1493.85
B7: =Data!G36 -> BH | C7: =Data!I36 -> 2497.2 | E7: =Data!G11 -> G | F7: =Data!I11 -> 2356.75 | H7: =Data!G51 -> LL | I7: =Data!I51 -> 804.4
B8: =Data!G32 -> BS | C8: =Data!I32 -> 2472 | E8: =Data!G19 -> IV | F8: =Data!I19 -> 2051.15 | H8: =Data!G22 -> SY | I8: =Data!I22 -> 404.8
B9: =Data!G18 -> NG | C9: =Data!I18 -> 1998.8 | E9: =Data!G34 -> ML | F9: =Data!I34 -> 1373.15 | H9: =Data!G101 -> SA | I9: =Data!I101 -> 309.2
B10: =Data!G63 -> DE | C10: =Data!I63 -> 1836 | E10: =Data!G27 -> PH | F10: =Data!I27 -> 1267.95
B11: =Data!G21 -> S | C11: =Data!I21 -> 1793.15 | E11: =Data!G85 -> DD | F11: =Data!I85 -> 1193.6
B12: =Data!G75 -> CT | C12: =Data!I75 -> 1706 | E12: =Data!G30 -> DG | F12: =Data!I30 -> 1182.7
B13: =Data!G48 -> LS | C13: =Data!I48 -> 1644 | E13: =Data!G26 -> KY | F13: =Data!I26 -> 1110.7
B14: =Data!G17 -> B | C14: =Data!I17 -> 1544.35 | E14: =Data!G29 -> FK | F14: =Data!I29 -> 974.7
B15: =Data!G100 -> RH | C15: =Data!I100 -> 1428.8 | E15: =Data!G6 -> TD | F15: =Data!I6 -> 857.6
B16: =Data!G65 -> SO | C16: =Data!I65 -> 1408.3 | E16: =Data!G50 -> PA | F16: =Data!I50 -> 801.95
B17: =Data!G35 -> RG | C17: =Data!I35 -> 1404.4 | E17: =Data!G4 -> KA | F17: =Data!I4 -> 433.2
B18: =Data!G66 -> ST | C18: =Data!I66 -> 1355.2 | E18: =Data!G116 -> HS | F18: =Data!I116 -> 192
B19: =Data!G3 -> PE | C19: =Data!I3 -> 1353.2 | E19: =Data!G71 -> ZE | F19: =Data!I71 -> 112
B20: =Data!G54 -> TN | C20: =Data!I54 -> 1260.8 | E20: =Data!G90 -> KW | F20: =Data!I90 -> 109.6
B21: =Data!G10 -> L | C21: =Data!I10 -> 1231.2
B22: =Data!G67 -> LE | C22: =Data!I67 -> 1229.95
B23: =Data!G95 -> DY | C23: =Data!I95 -> 1229.6
B24: =Data!G46 -> DN | C24: =Data!I46 -> 1214.4
B25: =Data!G74 -> CV | C25: =Data!I74 -> 1161.95
B26: =Data!G81 -> CO | C26: =Data!I81 -> 1132.35
B27: =Data!G72 -> NN | C27: =Data!I72 -> 1110.8
B28: =Data!G89 -> WV | C28: =Data!I89 -> 1074
B29: =Data!G99 -> HU | C29: =Data!I99 -> 1033.6
B30: =Data!G73 -> YO | C30: =Data!I73 -> 1026.4
B31: =Data!G37 -> BN | C31: =Data!I37 -> 1018
B32: =Data!G78 -> SN | C32: =Data!I78 -> 993.15
B33: =Data!G104 -> WF | C33: =Data!I104 -> 941.2
B34: =Data!G24 -> BA | C34: =Data!I24 -> 931.6
B35: =Data!G70 -> HP | C35: =Data!I70 -> 926
B36: =Data!G38 -> GL | C36: =Data!I38 -> 904
B37: =Data!G7 -> OX | C37: =Data!I7 -> 903.2
B38: =Data!G92 -> MK | C38: =Data!I92 -> 853.6
B39: =Data!G9 -> SE | C39: =Data!I9 -> 832
B40: =Data!G108 -> N | C40: =Data!I108 -> 817.6
B41: =Data!G86 -> CM | C41: =Data!I86 -> 814.4
B42: =Data!G87 -> M | C42: =Data!I87 -> 806
B43: =Data!G79 -> SS | C43: =Data!I79 -> 797.2
B44: =Data!G31 -> TA | C44: =Data!I31 -> 790.8
B45: =Data!G60 -> KT | C45: =Data!I60 -> 755.6
B46: =Data!G117 -> W | C46: =Data!I117 -> 734.8
B47: =Data!G112 -> CW | C47: =Data!I112 -> 732
B48: =Data!G64 -> ME | C48: =Data!I64 -> 693.2
B49: =Data!G68 -> TW | C49: =Data!I68 -> 685.2
B50: =Data!G62 -> CH | C50: =Data!I62 -> 668.4
B51: =Data!G41 -> LA | C51: =Data!I41 -> 650.8
B52: =Data!G69 -> NR | C52: =Data!I69 -> 618.4
B53: =Data!G94 -> TS | C53: =Data!I94 -> 614
B54: =Data!G56 -> SW | C54: =Data!I56 -> 606.4
B55: =Data!G114 -> PO | C55: =Data!I114 -> 606
B56: =Data!G55 -> WA | C56: =Data!I55 -> 601.6
B57: =Data!G58 -> GU | C57: =Data!I58 -> 596
B58: =Data!G103 -> HX | C58: =Data!I103 -> 570
B59: =Data!G47 -> DH | C59: =Data!I47 -> 543.6
B60: =Data!G57 -> SL | C60: =Data!I57 -> 536.4
B61: =Data!G83 -> DL | C61: =Data!I83 -> 530.8
B62: =Data!G43 -> BD | C62: =Data!I43 -> 530.4
B63: =Data!G28 -> SP | C63: =Data!I28 -> 516
B64: =Data!G12 -> CB | C64: =Data!I12 -> 506.8
B65: =Data!G118 -> EX | C65: =Data!I118 -> 506.8
B66: =Data!G96 -> RM | C66: =Data!I96 -> 498.8
B67: =Data!G44 -> PR | C67: =Data!I44 -> 495.55
B68: =Data!G84 -> BL | C68: =Data!I84 -> 494
B69: =Data!G88 -> DA | C69: =Data!I88 -> 479.2
B70: =Data!G45 -> WS | C70: =Data!I45 -> 474.4
B71: =Data!G40 -> UB | C71: =Data!I40 -> 442.4
B72: =Data!G53 -> CA | C72: =Data!I53 -> 439.2
B73: =Data!G110 -> WN | C73: =Data!I110 -> 428.8
B74: =Data!G80 -> AL | C74: =Data!I80 -> 424.35
B75: =Data!G97 -> TF | C75: =Data!I97 -> 408
B76: =Data!G33 -> SG | C76: =Data!I33 -> 405.6
B77: =Data!G109 -> PL | C77: =Data!I109 -> 402.4
B78: =Data!G15 -> IP | C78: =Data!I15 -> 402
B79: =Data!G105 -> TR | C79: =Data!I105 -> 401.6
B80: =Data!G76 -> HD | C80: =Data!I76 -> 380.4
B81: =Data!G120 -> IG | C81: =Data!I120 -> 358.46
B82: =Data!G49 -> LN | C82: =Data!I49 -> 354.8
B83: =Data!G93 -> WD | C83: =Data!I93 -> 349.2
B84: =Data!G77 -> CR | C84: =Data!I77 -> 338.4
B85: =Data!G91 -> HG | C85: =Data!I91 -> 335.15
B86: =Data!G111 -> DT | C86: =Data!I111 -> 328
B87: =Data!G42 -> SR | C87: =Data!I42 -> 291.2
B88: =Data!G98 -> WR | C88: =Data!I98 -> 284.4
B89: =Data!G119 -> SM | C89: =Data!I119 -> 264.8
B90: =Data!G59 -> BR | C90: =Data!I59 -> 260
B91: =Data!G20 -> HA | C91: =Data!I20 -> 224.8
B92: =Data!G23 -> NW | C92: =Data!I23 -> 205.2
B93: =Data!G113 -> LU | C93: =Data!I113 -> 202.8
B94: =Data!G82 -> EN | C94: =Data!I82 -> 155.2
B95: =Data!G115 -> BB | C95: =Data!I115 -> 155.2
B96: =Data!G61 -> OL | C96: =Data!I61 -> 116.8
B97: =Data!G5 -> EC | C97: =Data!I5 -> 93.2
B98: =Data!G102 -> TQ | C98: =Data!I102 -> 93.2
B99: =Data!G106 -> HR | C99: =Data!I106 -> 76.8
B100: =Data!G107 -> FY | C100: =Data!I107 -> 0

Sheet Data
A1: =IF(COUNTIF($V$3:$Y$99, $B1)<>0, ROW($B1), 0) -> 1 | B1: PE
A2: =IF(COUNTIF($V$3:$Y$99, $B2)<>0, ROW($B2), 0) -> 0 | B2: Total # Sold | C2: 68 | F2: Index | G2: Area | H2: Location | I2: Whisky Cask | J2: Strawberry | K2: Ginger | L2: Elderflower | M2: Original | N2: Scottish Fruits | O2: Cloudy | P2: Traditional | Q2: Total | S2: =I2 -> Whisky Cask | V2: Scottish Postcode Area Codes | W2: English Postcode Area Codes | X2: N.Irish Postcode Area Codes | Y2: Welsh Postcode Area Codes
A3: =IF(COUNTIF($V$3:$Y$99, $B3)<>0, ROW($B3), 0) -> 0 | B3: Total Sales | C3: 3033.05 | F3: 1 | G3: {=INDIRECT("B"&$F3)} -> PE | H3: {=_xlfn.IFS(COUNTIF($V$3:$V$18, G3)<>0, "S", COUNTIF($W$3:$W$99, G3)<>0, "E", COUNTIF($X$3, G3)<>0, "I", COUNTIF($Y$3:$Y$8, G3)<>0, "W")} -> E | I3: =SUMIF(OFFSET(INDIRECT("B"&$F3), 4, 0):INDIRECT("B"&$F4), "*"&$I$2&"*", OFFSET(INDIRECT("C"&$F3), 4, 0):OFFSET(INDIRECT("C"&$F4), -1, 0)) -> 1353.2 | J3: =SUMIF(OFFSET(INDIRECT("B"&$F3), 4, 0):INDIRECT("B"&$F4), "*"&$J$2&"*", OFFSET(INDIRECT("C"&$F3), 4, 0):OFFSET(INDIRECT("C"&$F4), -1, 0)) -> 328.8 | K3: =SUMIF(OFFSET(INDIRECT("B"&$F3), 4, 0):INDIRECT("B"&$F4), "*"&$K$2&"*", OFFSET(INDIRECT("C"&$F3), 4, 0):OFFSET(INDIRECT("C"&$F4), -1, 0)) -> 76.8 | L3: =SUMIF(OFFSET(INDIRECT("B"&$F3), 4, 0):INDIRECT("B"&$F4), "*"&$L$2&"*", OFFSET(INDIRECT("C"&$F3), 4, 0):OFFSET(INDIRECT("C"&$F4), -1, 0)) -> 54.8 | M3: =SUMIF(OFFSET(INDIRECT("B"&$F3), 4, 0):INDIRECT("B"&$F4), "*"&$M$2&"*", OFFSET(INDIRECT("C"&$F3), 4, 0):OFFSET(INDIRECT("C"&$F4), -1, 0)) -> 318 | N3: =SUMIF(OFFSET(INDIRECT("B"&$F3), 4, 0):INDIRECT("B"&$F4), "*"&$N$2&"*", OFFSET(INDIRECT("C"&$F3), 4, 0):OFFSET(INDIRECT("C"&$F4), -1, 0)) -> 28.75 | O3: =SUMIF(OFFSET(INDIRECT("B"&$F3), 4, 0):INDIRECT("B"&$F4), "*"&$O$2&"*", OFFSET(INDIRECT("C"&$F3), 4, 0):OFFSET(INDIRECT("C"&$F4), -1, 0)) -> 40 | P3: =SUMIF(OFFSET(INDIRECT("B"&$F3), 4, 0):INDIRECT("B"&$F4), "*"&$P$2&"*", OFFSET(INDIRECT("C"&$F3), 4, 0):OFFSET(INDIRECT("C"&$F4), -1, 0)) -> 237.15 | Q3: =SUM($I3:$P3) -> 2437.5 | S3: Region | T3: Sales | V3: AB | W3: AL | X3: BT | Y3: CF
A4: =IF(COUNTIF($V$3:$Y$99, $B4)<>0, ROW($B4), 0) -> 0 | B4: Product Name | C4: Sales | D4: Quantity | F4: {=INDEX(A2:OFFSET(A2, 100, 0),MATCH(TRUE,INDEX(A2:A50<>0,),0))} -> 23 | G4: {=INDIRECT("B"&$F4)} -> KA | H4: {=_xlfn.IFS(COUNTIF($V$3:$V$18, G4)<>0, "S", COUNTIF($W$3:$W$99, G4)<>0, "E", COUNTIF($X$3, G4)<>0, "I", COUNTIF($Y$3:$Y$8, G4)<>0, "W")} -> S | I4: =SUMIF(OFFSET(INDIRECT("B"&$F4), 4, 0):INDIRECT("B"&$F5), "*"&$I$2&"*", OFFSET(INDIRECT("C"&$F4), 4, 0):OFFSET(INDIRECT("C"&$F5), -1, 0)) -> 433.2 | J4: =SUMIF(OFFSET(INDIRECT("B"&$F4), 4, 0):INDIRECT("B"&$F5), "*"&$J$2&"*", OFFSET(INDIRECT("C"&$F4), 4, 0):OFFSET(INDIRECT("C"&$F5), -1, 0)) -> 390.72 | K4: =SUMIF(OFFSET(INDIRECT("B"&$F4), 4, 0):INDIRECT("B"&$F5), "*"&$K$2&"*", OFFSET(INDIRECT("C"&$F4), 4, 0):OFFSET(INDIRECT("C"&$F5), -1, 0)) -> 157.2 | L4: =SUMIF(OFFSET(INDIRECT("B"&$F4), 4, 0):INDIRECT("B"&$F5), "*"&$L$2&"*", OFFSET(INDIRECT("C"&$F4), 4, 0):OFFSET(INDIRECT("C"&$F5), -1, 0)) -> 87.97 | M4: =SUMIF(OFFSET(INDIRECT("B"&$F4), 4, 0):INDIRECT("B"&$F5), "*"&$M$2&"*", OFFSET(INDIRECT("C"&$F4), 4, 0):OFFSET(INDIRECT("C"&$F5), -1, 0)) -> 372.8 | N4: =SUMIF(OFFSET(INDIRECT("B"&$F4), 4, 0):INDIRECT("B"&$F5), "*"&$N$2&"*", OFFSET(INDIRECT("C"&$F4), 4, 0):OFFSET(INDIRECT("C"&$F5), -1, 0)) -> 260.92 | O4: =SUMIF(OFFSET(INDIRECT("B"&$F4), 4, 0):INDIRECT("B"&$F5), "*"&$O$2&"*", OFFSET(INDIRECT("C"&$F4), 4, 0):OFFSET(INDIRECT("C"&$F5), -1, 0)) -> 230.4 | P4: =SUMIF(OFFSET(INDIRECT("B"&$F4), 4, 0):INDIRECT("B"&$F5), "*"&$P$2&"*", OFFSET(INDIRECT("C"&$F4), 4, 0):OFFSET(INDIRECT("C"&$F5), -1, 0)) -> 833.9 | Q4: =SUM($I4:$P4) -> 2767.11 | S4: England | T4: =SUMIF($H$3:$H$120, "E", $I$3:$I$120) -> 77607.81 | V4: DD | W4: B | Y4: LD
A5: =IF(COUNTIF($V$3:$Y$99, $B5)<>0, ROW($B5), 0) -> 0 | B5: Original - Bottle 24 x 500ml | C5: 164.4 | D5: 6 | F5: {=INDEX(OFFSET(INDIRECT("A"&F4), 1, 0):OFFSET(OFFSET(INDIRECT("A"&F4), 1, 0), 100, 0),MATCH(TRUE,INDEX(OFFSET(INDIRECT("A"&F4), 1, 0):OFFSET(OFFSET(INDIRECT("A"&F4), 1, 0), 100, 0)<>0,),0))} -> 60 | G5: {=INDIRECT("B"&$F5)} -> EC | H5: {=_xlfn.IFS(COUNTIF($V$3:$V$18, G5)<>0, "S", COUNTIF($W$3:$W$99, G5)<>0, "E", COUNTIF($X$3, G5)<>0, "I", COUNTIF($Y$3:$Y$8, G5)<>0, "W")} -> E | I5: =SUMIF(OFFSET(INDIRECT("B"&$F5), 4, 0):INDIRECT("B"&$F6), "*"&$I$2&"*", OFFSET(INDIRECT("C"&$F5), 4, 0):OFFSET(INDIRECT("C"&$F6), -1, 0)) -> 93.2 | J5: =SUMIF(OFFSET(INDIRECT("B"&$F5), 4, 0):INDIRECT("B"&$F6), "*"&$J$2&"*", OFFSET(INDIRECT("C"&$F5), 4, 0):OFFSET(INDIRECT("C"&$F6), -1, 0)) -> 0 | K5: =SUMIF(OFFSET(INDIRECT("B"&$F5), 4, 0):INDIRECT("B"&$F6), "*"&$K$2&"*", OFFSET(INDIRECT("C"&$F5), 4, 0):OFFSET(INDIRECT("C"&$F6), -1, 0)) -> 38.4 | L5: =SUMIF(OFFSET(INDIRECT("B"&$F5), 4, 0):INDIRECT("B"&$F6), "*"&$L$2&"*", OFFSET(INDIRECT("C"&$F5), 4, 0):OFFSET(INDIRECT("C"&$F6), -1, 0)) -> 341.6 | M5: =SUMIF(OFFSET(INDIRECT("B"&$F5), 4, 0):INDIRECT("B"&$F6), "*"&$M$2&"*", OFFSET(INDIRECT("C"&$F5), 4, 0):OFFSET(INDIRECT("C"&$F6), -1, 0)) -> 0 | N5: =SUMIF(OFFSET(INDIRECT("B"&$F5), 4, 0):INDIRECT("B"&$F6), "*"&$N$2&"*", OFFSET(INDIRECT("C"&$F5), 4, 0):OFFSET(INDIRECT("C"&$F6), -1, 0)) -> 0 | O5: =SUMIF(OFFSET(INDIRECT("B"&$F5), 4, 0):INDIRECT("B"&$F6), "*"&$O$2&"*", OFFSET(INDIRECT("C"&$F5), 4, 0):OFFSET(INDIRECT("C"&$F6), -1, 0)) -> 0 | P5: =SUMIF(OFFSET(INDIRECT("B"&$F5), 4, 0):INDIRECT("B"&$F6), "*"&$P$2&"*", OFFSET(INDIRECT("C"&$F5), 4, 0):OFFSET(INDIRECT("C"&$F6), -1, 0)) -> 54.8 | Q5: =SUM($I5:$P5) -> 528 | S5: Scotland | T5: =SUMIF($H$3:$H$120, "S", $I$3:$I$120) -> 22155.8 | V5: DG | W5: BA | Y5: LL
A6: =IF(COUNTIF($V$3:$Y$99, $B6)<>0, ROW($B6), 0) -> 0 | B6: Traditional - Bottle 24 x 500ml | C6: 54.8 | D6: 1 | F6: {=INDEX(OFFSET(INDIRECT("A"&F5), 1, 0):OFFSET(OFFSET(INDIRECT("A"&F5), 1, 0), 100, 0),MATCH(TRUE,INDEX(OFFSET(INDIRECT("A"&F5), 1, 0):OFFSET(OFFSET(INDIRECT("A"&F5), 1, 0), 100, 0)<>0,),0))} -> 73 | G6: {=INDIRECT("B"&$F6)} -> TD | H6: {=_xlfn.IFS(COUNTIF($V$3:$V$18, G6)<>0, "S", COUNTIF($W$3:$W$99, G6)<>0, "E", COUNTIF($X$3, G6)<>0, "I", COUNTIF($Y$3:$Y$8, G6)<>0, "W")} -> S | I6: =SUMIF(OFFSET(INDIRECT("B"&$F6), 4, 0):INDIRECT("B"&$F7), "*"&$I$2&"*", OFFSET(INDIRECT("C"&$F6), 4, 0):OFFSET(INDIRECT("C"&$F7), -1, 0)) -> 857.6 | J6: =SUMIF(OFFSET(INDIRECT("B"&$F6), 4, 0):INDIRECT("B"&$F7), "*"&$J$2&"*", OFFSET(INDIRECT("C"&$F6), 4, 0):OFFSET(INDIRECT("C"&$F7), -1, 0)) -> 237.36 | K6: =SUMIF(OFFSET(INDIRECT("B"&$F6), 4, 0):INDIRECT("B"&$F7), "*"&$K$2&"*", OFFSET(INDIRECT("C"&$F6), 4, 0):OFFSET(INDIRECT("C"&$F7), -1, 0)) -> 105.55 | L6: =SUMIF(OFFSET(INDIRECT("B"&$F6), 4, 0):INDIRECT("B"&$F7), "*"&$L$2&"*", OFFSET(INDIRECT("C"&$F6), 4, 0):OFFSET(INDIRECT("C"&$F7), -1, 0)) -> 174.1 | M6: =SUMIF(OFFSET(INDIRECT("B"&$F6), 4, 0):INDIRECT("B"&$F7), "*"&$M$2&"*", OFFSET(INDIRECT("C"&$F6), 4, 0):OFFSET(INDIRECT("C"&$F7), -1, 0)) -> 252 | N6: =SUMIF(OFFSET(INDIRECT("B"&$F6), 4, 0):INDIRECT("B"&$F7), "*"&$N$2&"*", OFFSET(INDIRECT("C"&$F6), 4, 0):OFFSET(INDIRECT("C"&$F7), -1, 0)) -> 232.17 | O6: =SUMIF(OFFSET(INDIRECT("B"&$F6), 4, 0):INDIRECT("B"&$F7), "*"&$O$2&"*", OFFSET(INDIRECT("C"&$F6), 4, 0):OFFSET(INDIRECT("C"&$F7), -1, 0)) -> 116.8 | P6: =SUMIF(OFFSET(INDIRECT("B"&$F6), 4, 0):INDIRECT("B"&$F7), "*"&$P$2&"*", OFFSET(INDIRECT("C"&$F6), 4, 0):OFFSET(INDIRECT("C"&$F7), -1, 0)) -> 855.4 | Q6: =SUM($I6:$P6) -> 2830.98 | S6: N.Ireland | T6: =SUMIF($H$3:$H$120, "I", $I$3:$I$120) -> 694 | V6: EH | W6: BB | Y6: NP
A7: =IF(COUNTIF($V$3:$Y$99, $B7)<>0, ROW($B7), 0) -> 0 | B7: Whisky Cask - Bottle 24 x 500ml | C7: 602.8 | D7: 11 | F7: {=INDEX(OFFSET(INDIRECT("A"&F6), 1, 0):OFFSET(OFFSET(INDIRECT("A"&F6), 1, 0), 100, 0),MATCH(TRUE,INDEX(OFFSET(INDIRECT("A"&F6), 1, 0):OFFSET(OFFSET(INDIRECT("A"&F6), 1, 0), 100, 0)<>0,),0))} -> 111 | G7: {=INDIRECT("B"&$F7)} -> OX | H7: {=_xlfn.IFS(COUNTIF($V$3:$V$18, G7)<>0, "S", COUNTIF($W$3:$W$99, G7)<>0, "E", COUNTIF($X$3, G7)<>0, "I", COUNTIF($Y$3:$Y$8, G7)<>0, "W")} -> E | I7: =SUMIF(OFFSET(INDIRECT("B"&$F7), 4, 0):INDIRECT("B"&$F8), "*"&$I$2&"*", OFFSET(INDIRECT("C"&$F7), 4, 0):OFFSET(INDIRECT("C"&$F8), -1, 0)) -> 903.2 | J7: =SUMIF(OFFSET(INDIRECT("B"&$F7), 4, 0):INDIRECT("B"&$F8), "*"&$J$2&"*", OFFSET(INDIRECT("C"&$F7), 4, 0):OFFSET(INDIRECT("C"&$F8), -1, 0)) -> 149.6 | K7: =SUMIF(OFFSET(INDIRECT("B"&$F7), 4, 0):INDIRECT("B"&$F8), "*"&$K$2&"*", OFFSET(INDIRECT("C"&$F7), 4, 0):OFFSET(INDIRECT("C"&$F8), -1, 0)) -> 76.8 | L7: =SUMIF(OFFSET(INDIRECT("B"&$F7), 4, 0):INDIRECT("B"&$F8), "*"&$L$2&"*", OFFSET(INDIRECT("C"&$F7), 4, 0):OFFSET(INDIRECT("C"&$F8), -1, 0)) -> 76.8 | M7: =SUMIF(OFFSET(INDIRECT("B"&$F7), 4, 0):INDIRECT("B"&$F8), "*"&$M$2&"*", OFFSET(INDIRECT("C"&$F7), 4, 0):OFFSET(INDIRECT("C"&$F8), -1, 0)) -> 40 | N7: =SUMIF(OFFSET(INDIRECT("B"&$F7), 4, 0):INDIRECT("B"&$F8), "*"&$N$2&"*", OFFSET(INDIRECT("C"&$F7), 4, 0):OFFSET(INDIRECT("C"&$F8), -1, 0)) -> 28.75 | O7: =SUMIF(OFFSET(INDIRECT("B"&$F7), 4, 0):INDIRECT("B"&$F8), "*"&$O$2&"*", OFFSET(INDIRECT("C"&$F7), 4, 0):OFFSET(INDIRECT("C"&$F8), -1, 0)) -> 38.4 | P7: =SUMIF(OFFSET(INDIRECT("B"&$F7), 4, 0):INDIRECT("B"&$F8), "*"&$P$2&"*", OFFSET(INDIRECT("C"&$F7), 4, 0):OFFSET(INDIRECT("C"&$F8), -1, 0)) -> 331.95 | Q7: =SUM($I7:$P7) -> 1645.5 | S7: Wales | T7: =SUMIF($H$3:$H$120, "W", $I$3:$I$120) -> 5700.25 | V7: FK | W7: BD | Y7: SA
A8: =IF(COUNTIF($V$3:$Y$99, $B8)<>0, ROW($B8), 0) -> 0 | B8: Strawberry - Bottle 24 x 500ml | C8: 328.8 | D8: 6 | F8: {=INDEX(OFFSET(INDIRECT("A"&F7), 1, 0):OFFSET(OFFSET(INDIRECT("A"&F7), 1, 0), 100, 0),MATCH(TRUE,INDEX(OFFSET(INDIRECT("A"&F7), 1, 0):OFFSET(OFFSET(INDIRECT("A"&F7), 1, 0), 100, 0)<>0,),0))} -> 135 | G8: {=INDIRECT("B"&$F8)} -> AB | H8: {=_xlfn.IFS(COUNTIF($V$3:$V$18, G8)<>0, "S", COUNTIF($W$3:$W$99, G8)<>0, "E", COUNTIF($X$3, G8)<>0, "I", COUNTIF($Y$3:$Y$8, G8)<>0, "W")} -> S | I8: =SUMIF(OFFSET(INDIRECT("B"&$F8), 4, 0):INDIRECT("B"&$F9), "*"&$I$2&"*", OFFSET(INDIRECT("C"&$F8), 4, 0):OFFSET(INDIRECT("C"&$F9), -1, 0)) -> 2811.55 | J8: =SUMIF(OFFSET(INDIRECT("B"&$F8), 4, 0):INDIRECT("B"&$F9), "*"&$J$2&"*", OFFSET(INDIRECT("C"&$F8), 4, 0):OFFSET(INDIRECT("C"&$F9), -1, 0)) -> 1175.05 | K8: =SUMIF(OFFSET(INDIRECT("B"&$F8), 4, 0):INDIRECT("B"&$F9), "*"&$K$2&"*", OFFSET(INDIRECT("C"&$F8), 4, 0):OFFSET(INDIRECT("C"&$F9), -1, 0)) -> 143.95 | L8: =SUMIF(OFFSET(INDIRECT("B"&$F8), 4, 0):INDIRECT("B"&$F9), "*"&$L$2&"*", OFFSET(INDIRECT("C"&$F8), 4, 0):OFFSET(INDIRECT("C"&$F9), -1, 0)) -> 1012.43 | M8: =SUMIF(OFFSET(INDIRECT("B"&$F8), 4, 0):INDIRECT("B"&$F9), "*"&$M$2&"*", OFFSET(INDIRECT("C"&$F8), 4, 0):OFFSET(INDIRECT("C"&$F9), -1, 0)) -> 1153.2 | N8: =SUMIF(OFFSET(INDIRECT("B"&$F8), 4, 0):INDIRECT("B"&$F9), "*"&$N$2&"*", OFFSET(INDIRECT("C"&$F8), 4, 0):OFFSET(INDIRECT("C"&$F9), -1, 0)) -> 819.19 | O8: =SUMIF(OFFSET(INDIRECT("B"&$F8), 4, 0):INDIRECT("B"&$F9), "*"&$O$2&"*", OFFSET(INDIRECT("C"&$F8), 4, 0):OFFSET(INDIRECT("C"&$F9), -1, 0)) -> 528 | P8: =SUMIF(OFFSET(INDIRECT("B"&$F8), 4, 0):INDIRECT("B"&$F9), "*"&$P$2&"*", OFFSET(INDIRECT("C"&$F8), 4, 0):OFFSET(INDIRECT("C"&$F9), -1, 0)) -> 3577.25 | Q8: =SUM($I8:$P8) -> 11220.62 | S8: Total | T8: =SUM(T4:T7) -> 106157.86 | V8: G | W8: BH | Y8: SY
A9: =IF(COUNTIF($V$3:$Y$99, $B9)<>0, ROW($B9), 0) -> 0 | B9: Ginger - Bottle 24 x 330ml | C9: 76.8 | D9: 2 | F9: {=INDEX(OFFSET(INDIRECT("A"&F8), 1, 0):OFFSET(OFFSET(INDIRECT("A"&F8), 1, 0), 100, 0),MATCH(TRUE,INDEX(OFFSET(INDIRECT("A"&F8), 1, 0):OFFSET(OFFSET(INDIRECT("A"&F8), 1, 0), 100, 0)<>0,),0))} -> 188 | G9: {=INDIRECT("B"&$F9)} -> SE | H9: {=_xlfn.IFS(COUNTIF($V$3:$V$18, G9)<>0, "S", COUNTIF($W$3:$W$99, G9)<>0, "E", COUNTIF($X$3, G9)<>0, "I", COUNTIF($Y$3:$Y$8, G9)<>0, "W")} -> E | I9: =SUMIF(OFFSET(INDIRECT("B"&$F9), 4, 0):INDIRECT("B"&$F10), "*"&$I$2&"*", OFFSET(INDIRECT("C"&$F9), 4, 0):OFFSET(INDIRECT("C"&$F10), -1, 0)) -> 832 | J9: =SUMIF(OFFSET(INDIRECT("B"&$F9), 4, 0):INDIRECT("B"&$F10), "*"&$J$2&"*", OFFSET(INDIRECT("C"&$F9), 4, 0):OFFSET(INDIRECT("C"&$F10), -1, 0)) -> 89.36 | K9: =SUMIF(OFFSET(INDIRECT("B"&$F9), 4, 0):INDIRECT("B"&$F10), "*"&$K$2&"*", OFFSET(INDIRECT("C"&$F9), 4, 0):OFFSET(INDIRECT("C"&$F10), -1, 0)) -> 40 | L9: =SUMIF(OFFSET(INDIRECT("B"&$F9), 4, 0):INDIRECT("B"&$F10), "*"&$L$2&"*", OFFSET(INDIRECT("C"&$F9), 4, 0):OFFSET(INDIRECT("C"&$F10), -1, 0)) -> 286.8 | M9: =SUMIF(OFFSET(INDIRECT("B"&$F9), 4, 0):INDIRECT("B"&$F10), "*"&$M$2&"*", OFFSET(INDIRECT("C"&$F9), 4, 0):OFFSET(INDIRECT("C"&$F10), -1, 0)) -> 38.4 | N9: =SUMIF(OFFSET(INDIRECT("B"&$F9), 4, 0):INDIRECT("B"&$F10), "*"&$N$2&"*", OFFSET(INDIRECT("C"&$F9), 4, 0):OFFSET(INDIRECT("C"&$F10), -1, 0)) -> 63.31 | O9: =SUMIF(OFFSET(INDIRECT("B"&$F9), 4, 0):INDIRECT("B"&$F10), "*"&$O$2&"*", OFFSET(INDIRECT("C"&$F9), 4, 0):OFFSET(INDIRECT("C"&$F10), -1, 0)) -> 0 | P9: =SUMIF(OFFSET(INDIRECT("B"&$F9), 4, 0):INDIRECT("B"&$F10), "*"&$P$2&"*", OFFSET(INDIRECT("C"&$F9), 4, 0):OFFSET(INDIRECT("C"&$F10), -1, 0)) -> 76.8 | Q9: =SUM($I9:$P9) -> 1426.67 | V9: HS | W9: BL
A10: =IF(COUNTIF($V$3:$Y$99, $B10)<>0, ROW($B10), 0) -> 0 | B10: Cloudy - 2x5L Ciderbox 2 x 5L Ciderbox | C10: 40 | D10: 1 | F10: {=INDEX(OFFSET(INDIRECT("A"&F9), 1, 0):OFFSET(OFFSET(INDIRECT("A"&F9), 1, 0), 100, 0),MATCH(TRUE,INDEX(OFFSET(INDIRECT("A"&F9), 1, 0):OFFSET(OFFSET(INDIRECT("A"&F9), 1, 0), 100, 0)<>0,),0))} -> 212 | G10: {=INDIRECT("B"&$F10)} -> L | H10: {=_xlfn.IFS(COUNTIF($V$3:$V$18, G10)<>0, "S", COUNTIF($W$3:$W$99, G10)<>0, "E", COUNTIF($X$3, G10)<>0, "I", COUNTIF($Y$3:$Y$8, G10)<>0, "W")} -> E | I10: =SUMIF(OFFSET(INDIRECT("B"&$F10), 4, 0):INDIRECT("B"&$F11), "*"&$I$2&"*", OFFSET(INDIRECT("C"&$F10), 4, 0):OFFSET(INDIRECT("C"&$F11), -1, 0)) -> 1231.2 | J10: =SUMIF(OFFSET(INDIRECT("B"&$F10), 4, 0):INDIRECT("B"&$F11), "*"&$J$2&"*", OFFSET(INDIRECT("C"&$F10), 4, 0):OFFSET(INDIRECT("C"&$F11), -1, 0)) -> 0 | K10: =SUMIF(OFFSET(INDIRECT("B"&$F10), 4, 0):INDIRECT("B"&$F11), "*"&$K$2&"*", OFFSET(INDIRECT("C"&$F10), 4, 0):OFFSET(INDIRECT("C"&$F11), -1, 0)) -> 0 | L10: =SUMIF(OFFSET(INDIRECT("B"&$F10), 4, 0):INDIRECT("B"&$F11), "*"&$L$2&"*", OFFSET(INDIRECT("C"&$F10), 4, 0):OFFSET(INDIRECT("C"&$F11), -1, 0)) -> 54.39 | M10: =SUMIF(OFFSET(INDIRECT("B"&$F10), 4, 0):INDIRECT("B"&$F11), "*"&$M$2&"*", OFFSET(INDIRECT("C"&$F10), 4, 0):OFFSET(INDIRECT("C"&$F11), -1, 0)) -> 40 | N10: =SUMIF(OFFSET(INDIRECT("B"&$F10), 4, 0):INDIRECT("B"&$F11), "*"&$N$2&"*", OFFSET(INDIRECT("C"&$F10), 4, 0):OFFSET(INDIRECT("C"&$F11), -1, 0)) -> 0 | O10: =SUMIF(OFFSET(INDIRECT("B"&$F10), 4, 0):INDIRECT("B"&$F11), "*"&$O$2&"*", OFFSET(INDIRECT("C"&$F10), 4, 0):OFFSET(INDIRECT("C"&$F11), -1, 0)) -> 0 | P10: =SUMIF(OFFSET(INDIRECT("B"&$F10), 4, 0):INDIRECT("B"&$F11), "*"&$P$2&"*", OFFSET(INDIRECT("C"&$F10), 4, 0):OFFSET(INDIRECT("C"&$F11), -1, 0)) -> 416.35 | Q10: =SUM($I10:$P10) -> 1741.94 | S10: =J2 -> Strawberry | V10: IV | W10: BN
A11: =IF(COUNTIF($V$3:$Y$99, $B11)<>0, ROW($B11), 0) -> 0 | B11: Thistly Cross Selection Box Gift Box | C11: 140 | D11: 4 | F11: {=INDEX(OFFSET(INDIRECT("A"&F10), 1, 0):OFFSET(OFFSET(INDIRECT("A"&F10), 1, 0), 100, 0),MATCH(TRUE,INDEX(OFFSET(INDIRECT("A"&F10), 1, 0):OFFSET(OFFSET(INDIRECT("A"&F10), 1, 0), 100, 0)<>0,),0))} -> 235 | G11: {=INDIRECT("B"&$F11)} -> G | H11: {=_xlfn.IFS(COUNTIF($V$3:$V$18, G11)<>0, "S", COUNTIF($W$3:$W$99, G11)<>0, "E", COUNTIF($X$3, G11)<>0, "I", COUNTIF($Y$3:$Y$8, G11)<>0, "W")} -> S | I11: =SUMIF(OFFSET(INDIRECT("B"&$F11), 4, 0):INDIRECT("B"&$F12), "*"&$I$2&"*", OFFSET(INDIRECT("C"&$F11), 4, 0):OFFSET(INDIRECT("C"&$F12), -1, 0)) -> 2356.75 | J11: =SUMIF(OFFSET(INDIRECT("B"&$F11), 4, 0):INDIRECT("B"&$F12), "*"&$J$2&"*", OFFSET(INDIRECT("C"&$F11), 4, 0):OFFSET(INDIRECT("C"&$F12), -1, 0)) -> 407.36 | K11: =SUMIF(OFFSET(INDIRECT("B"&$F11), 4, 0):INDIRECT("B"&$F12), "*"&$K$2&"*", OFFSET(INDIRECT("C"&$F11), 4, 0):OFFSET(INDIRECT("C"&$F12), -1, 0)) -> 469.15 | L11: =SUMIF(OFFSET(INDIRECT("B"&$F11), 4, 0):INDIRECT("B"&$F12), "*"&$L$2&"*", OFFSET(INDIRECT("C"&$F11), 4, 0):OFFSET(INDIRECT("C"&$F12), -1, 0)) -> 817.51 | M11: =SUMIF(OFFSET(INDIRECT("B"&$F11), 4, 0):INDIRECT("B"&$F12), "*"&$M$2&"*", OFFSET(INDIRECT("C"&$F11), 4, 0):OFFSET(INDIRECT("C"&$F12), -1, 0)) -> 802.4 | N11: =SUMIF(OFFSET(INDIRECT("B"&$F11), 4, 0):INDIRECT("B"&$F12), "*"&$N$2&"*", OFFSET(INDIRECT("C"&$F11), 4, 0):OFFSET(INDIRECT("C"&$F12), -1, 0)) -> 322.26 | O11: =SUMIF(OFFSET(INDIRECT("B"&$F11), 4, 0):INDIRECT("B"&$F12), "*"&$O$2&"*", OFFSET(INDIRECT("C"&$F11), 4, 0):OFFSET(INDIRECT("C"&$F12), -1, 0)) -> 230.4 | P11: =SUMIF(OFFSET(INDIRECT("B"&$F11), 4, 0):INDIRECT("B"&$F12), "*"&$P$2&"*", OFFSET(INDIRECT("C"&$F11), 4, 0):OFFSET(INDIRECT("C"&$F12), -1, 0)) -> 2691.6 | Q11: =SUM($I11:$P11) -> 8097.43 | S11: Region | T11: Sales | V11: KA | W11: BR
A12: =IF(COUNTIF($V$3:$Y$99, $B12)<>0, ROW($B12), 0) -> 0 | B12: Original - Bottle 24 x 330ml | C12: 153.6 | D12: 4 | F12: {=INDEX(OFFSET(INDIRECT("A"&F11), 1, 0):OFFSET(OFFSET(INDIRECT("A"&F11), 1, 0), 100, 0),MATCH(TRUE,INDEX(OFFSET(INDIRECT("A"&F11), 1, 0):OFFSET(OFFSET(INDIRECT("A"&F11), 1, 0), 100, 0)<>0,),0))} -> 284 | G12: {=INDIRECT("B"&$F12)} -> CB | H12: {=_xlfn.IFS(COUNTIF($V$3:$V$18, G12)<>0, "S", COUNTIF($W$3:$W$99, G12)<>0, "E", COUNTIF($X$3, G12)<>0, "I", COUNTIF($Y$3:$Y$8, G12)<>0, "W")} -> E | I12: =SUMIF(OFFSET(INDIRECT("B"&$F12), 4, 0):INDIRECT("B"&$F13), "*"&$I$2&"*", OFFSET(INDIRECT("C"&$F12), 4, 0):OFFSET(INDIRECT("C"&$F13), -1, 0)) -> 506.8 | J12: =SUMIF(OFFSET(INDIRECT("B"&$F12), 4, 0):INDIRECT("B"&$F13), "*"&$J$2&"*", OFFSET(INDIRECT("C"&$F12), 4, 0):OFFSET(INDIRECT("C"&$F13), -1, 0)) -> 38.4 | K12: =SUMIF(OFFSET(INDIRECT("B"&$F12), 4, 0):INDIRECT("B"&$F13), "*"&$K$2&"*", OFFSET(INDIRECT("C"&$F12), 4, 0):OFFSET(INDIRECT("C"&$F13), -1, 0)) -> 0 | L12: =SUMIF(OFFSET(INDIRECT("B"&$F12), 4, 0):INDIRECT("B"&$F13), "*"&$L$2&"*", OFFSET(INDIRECT("C"&$F12), 4, 0):OFFSET(INDIRECT("C"&$F13), -1, 0)) -> 78.4 | M12: =SUMIF(OFFSET(INDIRECT("B"&$F12), 4, 0):INDIRECT("B"&$F13), "*"&$M$2&"*", OFFSET(INDIRECT("C"&$F12), 4, 0):OFFSET(INDIRECT("C"&$F13), -1, 0)) -> 299.6 | N12: =SUMIF(OFFSET(INDIRECT("B"&$F12), 4, 0):INDIRECT("B"&$F13), "*"&$N$2&"*", OFFSET(INDIRECT("C"&$F12), 4, 0):OFFSET(INDIRECT("C"&$F13), -1, 0)) -> 67.15 | O12: =SUMIF(OFFSET(INDIRECT("B"&$F12), 4, 0):INDIRECT("B"&$F13), "*"&$O$2&"*", OFFSET(INDIRECT("C"&$F12), 4, 0):OFFSET(INDIRECT("C"&$F13), -1, 0)) -> 115.2 | P12: =SUMIF(OFFSET(INDIRECT("B"&$F12), 4, 0):INDIRECT("B"&$F13), "*"&$P$2&"*", OFFSET(INDIRECT("C"&$F12), 4, 0):OFFSET(INDIRECT("C"&$F13), -1, 0)) -> 313.95 | Q12: =SUM($I12:$P12) -> 1419.5 | S12: England | T12: =SUMIF($H$3:$H$120, "E", $J$3:$J$120) -> 4733.07 | V12: KW | W12: BS
A13: =IF(COUNTIF($V$3:$Y$99, $B13)<>0, ROW($B13), 0) -> 0 | B13: Traditional Cider Liqueur 50cl | C13: 28.75 | D13: 1 | F13: {=INDEX(OFFSET(INDIRECT("A"&F12), 1, 0):OFFSET(OFFSET(INDIRECT("A"&F12), 1, 0), 100, 0),MATCH(TRUE,INDEX(OFFSET(INDIRECT("A"&F12), 1, 0):OFFSET(OFFSET(INDIRECT("A"&F12), 1, 0), 100, 0)<>0,),0))} -> 309 | G13: {=INDIRECT("B"&$F13)} -> CF | H13: {=_xlfn.IFS(COUNTIF($V$3:$V$18, G13)<>0, "S", COUNTIF($W$3:$W$99, G13)<>0, "E", COUNTIF($X$3, G13)<>0, "I", COUNTIF($Y$3:$Y$8, G13)<>0, "W")} -> W | I13: =SUMIF(OFFSET(INDIRECT("B"&$F13), 4, 0):INDIRECT("B"&$F14), "*"&$I$2&"*", OFFSET(INDIRECT("C"&$F13), 4, 0):OFFSET(INDIRECT("C"&$F14), -1, 0)) -> 1493.85 | J13: =SUMIF(OFFSET(INDIRECT("B"&$F13), 4, 0):INDIRECT("B"&$F14), "*"&$J$2&"*", OFFSET(INDIRECT("C"&$F13), 4, 0):OFFSET(INDIRECT("C"&$F14), -1, 0)) -> 166.75 | K13: =SUMIF(OFFSET(INDIRECT("B"&$F13), 4, 0):INDIRECT("B"&$F14), "*"&$K$2&"*", OFFSET(INDIRECT("C"&$F13), 4, 0):OFFSET(INDIRECT("C"&$F14), -1, 0)) -> 54.8 | L13: =SUMIF(OFFSET(INDIRECT("B"&$F13), 4, 0):INDIRECT("B"&$F14), "*"&$L$2&"*", OFFSET(INDIRECT("C"&$F13), 4, 0):OFFSET(INDIRECT("C"&$F14), -1, 0)) -> 430.64 | M13: =SUMIF(OFFSET(INDIRECT("B"&$F13), 4, 0):INDIRECT("B"&$F14), "*"&$M$2&"*", OFFSET(INDIRECT("C"&$F13), 4, 0):OFFSET(INDIRECT("C"&$F14), -1, 0)) -> 38.4 | N13: =SUMIF(OFFSET(INDIRECT("B"&$F13), 4, 0):INDIRECT("B"&$F14), "*"&$N$2&"*", OFFSET(INDIRECT("C"&$F13), 4, 0):OFFSET(INDIRECT("C"&$F14), -1, 0)) -> 28.75 | O13: =SUMIF(OFFSET(INDIRECT("B"&$F13), 4, 0):INDIRECT("B"&$F14), "*"&$O$2&"*", OFFSET(INDIRECT("C"&$F13), 4, 0):OFFSET(INDIRECT("C"&$F14), -1, 0)) -> 38.4 | P13: =SUMIF(OFFSET(INDIRECT("B"&$F13), 4, 0):INDIRECT("B"&$F14), "*"&$P$2&"*", OFFSET(INDIRECT("C"&$F13), 4, 0):OFFSET(INDIRECT("C"&$F14), -1, 0)) -> 805 | Q13: =SUM($I13:$P13) -> 3056.59 | S13: Scotland | T13: =SUMIF($H$3:$H$120, "S", $J$3:$J$120) -> 5786.31 | V13: KY | W13: CA
A14: =IF(COUNTIF($V$3:$Y$99, $B14)<>0, ROW($B14), 0) -> 0 | B14: Whisky Cask - 20L Ciderbox 20L Ciderbox | C14: 408 | D14: 6 | F14: {=INDEX(OFFSET(INDIRECT("A"&F13), 1, 0):OFFSET(OFFSET(INDIRECT("A"&F13), 1, 0), 100, 0),MATCH(TRUE,INDEX(OFFSET(INDIRECT("A"&F13), 1, 0):OFFSET(OFFSET(INDIRECT("A"&F13), 1, 0), 100, 0)<>0,),0))} -> 339 | G14: {=INDIRECT("B"&$F14)} -> EH | H14: {=_xlfn.IFS(COUNTIF($V$3:$V$18, G14)<>0, "S", COUNTIF($W$3:$W$99, G14)<>0, "E", COUNTIF($X$3, G14)<>0, "I", COUNTIF($Y$3:$Y$8, G14)<>0, "W")} -> S | I14: =SUMIF(OFFSET(INDIRECT("B"&$F14), 4, 0):INDIRECT("B"&$F15), "*"&$I$2&"*", OFFSET(INDIRECT("C"&$F14), 4, 0):OFFSET(INDIRECT("C"&$F15), -1, 0)) -> 5327.2 | J14: =SUMIF(OFFSET(INDIRECT("B"&$F14), 4, 0):INDIRECT("B"&$F15), "*"&$J$2&"*", OFFSET(INDIRECT("C"&$F14), 4, 0):OFFSET(INDIRECT("C"&$F15), -1, 0)) -> 1291.68 | K14: =SUMIF(OFFSET(INDIRECT("B"&$F14), 4, 0):INDIRECT("B"&$F15), "*"&$K$2&"*", OFFSET(INDIRECT("C"&$F14), 4, 0):OFFSET(INDIRECT("C"&$F15), -1, 0)) -> 1570.17 | L14: =SUMIF(OFFSET(INDIRECT("B"&$F14), 4, 0):INDIRECT("B"&$F15), "*"&$L$2&"*", OFFSET(INDIRECT("C"&$F14), 4, 0):OFFSET(INDIRECT("C"&$F15), -1, 0)) -> 2952.98 | M14: =SUMIF(OFFSET(INDIRECT("B"&$F14), 4, 0):INDIRECT("B"&$F15), "*"&$M$2&"*", OFFSET(INDIRECT("C"&$F14), 4, 0):OFFSET(INDIRECT("C"&$F15), -1, 0)) -> 3640.8 | N14: =SUMIF(OFFSET(INDIRECT("B"&$F14), 4, 0):INDIRECT("B"&$F15), "*"&$N$2&"*", OFFSET(INDIRECT("C"&$F14), 4, 0):OFFSET(INDIRECT("C"&$F15), -1, 0)) -> 1300.76 | O14: =SUMIF(OFFSET(INDIRECT("B"&$F14), 4, 0):INDIRECT("B"&$F15), "*"&$O$2&"*", OFFSET(INDIRECT("C"&$F14), 4, 0):OFFSET(INDIRECT("C"&$F15), -1, 0)) -> 617.6 | P14: =SUMIF(OFFSET(INDIRECT("B"&$F14), 4, 0):INDIRECT("B"&$F15), "*"&$P$2&"*", OFFSET(INDIRECT("C"&$F14), 4, 0):OFFSET(INDIRECT("C"&$F15), -1, 0)) -> 8093.19 | Q14: =SUM($I14:$P14) -> 24794.38 | S14: N.Ireland | T14: =SUMIF($H$3:$H$120, "I", $J$3:$J$120) -> 0 | V14: ML | W14: CB
A15: =IF(COUNTIF($V$3:$Y$99, $B15)<>0, ROW($B15), 0) -> 0 | B15: Whisky Cask - 10L Ciderbox 10L | C15: 35.2 | D15: 1 | F15: {=INDEX(OFFSET(INDIRECT("A"&F14), 1, 0):OFFSET(OFFSET(INDIRECT("A"&F14), 1, 0), 100, 0),MATCH(TRUE,INDEX(OFFSET(INDIRECT("A"&F14), 1, 0):OFFSET(OFFSET(INDIRECT("A"&F14), 1, 0), 100, 0)<>0,),0))} -> 399 | G15: {=INDIRECT("B"&$F15)} -> IP | H15: {=_xlfn.IFS(COUNTIF($V$3:$V$18, G15)<>0, "S", COUNTIF($W$3:$W$99, G15)<>0, "E", COUNTIF($X$3, G15)<>0, "I", COUNTIF($Y$3:$Y$8, G15)<>0, "W")} -> E | I15: =SUMIF(OFFSET(INDIRECT("B"&$F15), 4, 0):INDIRECT("B"&$F16), "*"&$I$2&"*", OFFSET(INDIRECT("C"&$F15), 4, 0):OFFSET(INDIRECT("C"&$F16), -1, 0)) -> 402 | J15: =SUMIF(OFFSET(INDIRECT("B"&$F15), 4, 0):INDIRECT("B"&$F16), "*"&$J$2&"*", OFFSET(INDIRECT("C"&$F15), 4, 0):OFFSET(INDIRECT("C"&$F16), -1, 0)) -> 198.96 | K15: =SUMIF(OFFSET(INDIRECT("B"&$F15), 4, 0):INDIRECT("B"&$F16), "*"&$K$2&"*", OFFSET(INDIRECT("C"&$F15), 4, 0):OFFSET(INDIRECT("C"&$F16), -1, 0)) -> 76.8 | L15: =SUMIF(OFFSET(INDIRECT("B"&$F15), 4, 0):INDIRECT("B"&$F16), "*"&$L$2&"*", OFFSET(INDIRECT("C"&$F15), 4, 0):OFFSET(INDIRECT("C"&$F16), -1, 0)) -> 54.8 | M15: =SUMIF(OFFSET(INDIRECT("B"&$F15), 4, 0):INDIRECT("B"&$F16), "*"&$M$2&"*", OFFSET(INDIRECT("C"&$F15), 4, 0):OFFSET(INDIRECT("C"&$F16), -1, 0)) -> 0 | N15: =SUMIF(OFFSET(INDIRECT("B"&$F15), 4, 0):INDIRECT("B"&$F16), "*"&$N$2&"*", OFFSET(INDIRECT("C"&$F15), 4, 0):OFFSET(INDIRECT("C"&$F16), -1, 0)) -> 63.31 | O15: =SUMIF(OFFSET(INDIRECT("B"&$F15), 4, 0):INDIRECT("B"&$F16), "*"&$O$2&"*", OFFSET(INDIRECT("C"&$F15), 4, 0):OFFSET(INDIRECT("C"&$F16), -1, 0)) -> 0 | P15: =SUMIF(OFFSET(INDIRECT("B"&$F15), 4, 0):INDIRECT("B"&$F16), "*"&$P$2&"*", OFFSET(INDIRECT("C"&$F15), 4, 0):OFFSET(INDIRECT("C"&$F16), -1, 0)) -> 192 | Q15: =SUM($I15:$P15) -> 987.87 | S15: Wales | T15: =SUMIF($H$3:$H$120, "W", $J$3:$J$120) -> 221.55 | V15: PA | W15: CH
A16: =IF(COUNTIF($V$3:$Y$99, $B16)<>0, ROW($B16), 0) -> 0 | B16: Traditional - Bottle 24 x 330ml | C16: 153.6 | D16: 4 | F16: {=INDEX(OFFSET(INDIRECT("A"&F15), 1, 0):OFFSET(OFFSET(INDIRECT("A"&F15), 1, 0), 100, 0),MATCH(TRUE,INDEX(OFFSET(INDIRECT("A"&F15), 1, 0):OFFSET(OFFSET(INDIRECT("A"&F15), 1, 0), 100, 0)<>0,),0))} -> 419 | G16: {=INDIRECT("B"&$F16)} -> BT | H16: {=_xlfn.IFS(COUNTIF($V$3:$V$18, G16)<>0, "S", COUNTIF($W$3:$W$99, G16)<>0, "E", COUNTIF($X$3, G16)<>0, "I", COUNTIF($Y$3:$Y$8, G16)<>0, "W")} -> I | I16: =SUMIF(OFFSET(INDIRECT("B"&$F16), 4, 0):INDIRECT("B"&$F17), "*"&$I$2&"*", OFFSET(INDIRECT("C"&$F16), 4, 0):OFFSET(INDIRECT("C"&$F17), -1, 0)) -> 694 | J16: =SUMIF(OFFSET(INDIRECT("B"&$F16), 4, 0):INDIRECT("B"&$F17), "*"&$J$2&"*", OFFSET(INDIRECT("C"&$F16), 4, 0):OFFSET(INDIRECT("C"&$F17), -1, 0)) -> 0 | K16: =SUMIF(OFFSET(INDIRECT("B"&$F16), 4, 0):INDIRECT("B"&$F17), "*"&$K$2&"*", OFFSET(INDIRECT("C"&$F16), 4, 0):OFFSET(INDIRECT("C"&$F17), -1, 0)) -> 0 | L16: =SUMIF(OFFSET(INDIRECT("B"&$F16), 4, 0):INDIRECT("B"&$F17), "*"&$L$2&"*", OFFSET(INDIRECT("C"&$F16), 4, 0):OFFSET(INDIRECT("C"&$F17), -1, 0)) -> 109.19 | M16: =SUMIF(OFFSET(INDIRECT("B"&$F16), 4, 0):INDIRECT("B"&$F17), "*"&$M$2&"*", OFFSET(INDIRECT("C"&$F16), 4, 0):OFFSET(INDIRECT("C"&$F17), -1, 0)) -> 94.8 | N16: =SUMIF(OFFSET(INDIRECT("B"&$F16), 4, 0):INDIRECT("B"&$F17), "*"&$N$2&"*", OFFSET(INDIRECT("C"&$F16), 4, 0):OFFSET(INDIRECT("C"&$F17), -1, 0)) -> 28.75 | O16: =SUMIF(OFFSET(INDIRECT("B"&$F16), 4, 0):INDIRECT("B"&$F17), "*"&$O$2&"*", OFFSET(INDIRECT("C"&$F16), 4, 0):OFFSET(INDIRECT("C"&$F17), -1, 0)) -> 0 | P16: =SUMIF(OFFSET(INDIRECT("B"&$F16), 4, 0):INDIRECT("B"&$F17), "*"&$P$2&"*", OFFSET(INDIRECT("C"&$F16), 4, 0):OFFSET(INDIRECT("C"&$F17), -1, 0)) -> 421.1 | Q16: =SUM($I16:$P16) -> 1347.84 | S16: Total | T16: =SUM(T12:T15) -> 10740.93 | V16: PH | W16: CM
A17: =IF(COUNTIF($V$3:$Y$99, $B17)<>0, ROW($B17), 0) -> 0 | B17: Mix & Match 330ml Bottle Case (24 Bottles) | C17: 76.8 | D17: 2 | F17: {=INDEX(OFFSET(INDIRECT("A"&F16), 1, 0):OFFSET(OFFSET(INDIRECT("A"&F16), 1, 0), 100, 0),MATCH(TRUE,INDEX(OFFSET(INDIRECT("A"&F16), 1, 0):OFFSET(OFFSET(INDIRECT("A"&F16), 1, 0), 100, 0)<>0,),0))} -> 446 | G17: {=INDIRECT("B"&$F17)} -> B | H17: {=_xlfn.IFS(COUNTIF($V$3:$V$18, G17)<>0, "S", COUNTIF($W$3:$W$99, G17)<>0, "E", COUNTIF($X$3, G17)<>0, "I", COUNTIF($Y$3:$Y$8, G17)<>0, "W")} -> E | I17: =SUMIF(OFFSET(INDIRECT("B"&$F17), 4, 0):INDIRECT("B"&$F18), "*"&$I$2&"*", OFFSET(INDIRECT("C"&$F17), 4, 0):OFFSET(INDIRECT("C"&$F18), -1, 0)) -> 1544.35 | J17: =SUMIF(OFFSET(INDIRECT("B"&$F17), 4, 0):INDIRECT("B"&$F18), "*"&$J$2&"*", OFFSET(INDIRECT("C"&$F17), 4, 0):OFFSET(INDIRECT("C"&$F18), -1, 0)) -> 40 | K17: =SUMIF(OFFSET(INDIRECT("B"&$F17), 4, 0):INDIRECT("B"&$F18), "*"&$K$2&"*", OFFSET(INDIRECT("C"&$F17), 4, 0):OFFSET(INDIRECT("C"&$F18), -1, 0)) -> 0 | L17: =SUMIF(OFFSET(INDIRECT("B"&$F17), 4, 0):INDIRECT("B"&$F18), "*"&$L$2&"*", OFFSET(INDIRECT("C"&$F17), 4, 0):OFFSET(INDIRECT("C"&$F18), -1, 0)) -> 570.34 | M17: =SUMIF(OFFSET(INDIRECT("B"&$F17), 4, 0):INDIRECT("B"&$F18), "*"&$M$2&"*", OFFSET(INDIRECT("C"&$F17), 4, 0):OFFSET(INDIRECT("C"&$F18), -1, 0)) -> 262.8 | N17: =SUMIF(OFFSET(INDIRECT("B"&$F17), 4, 0):INDIRECT("B"&$F18), "*"&$N$2&"*", OFFSET(INDIRECT("C"&$F17), 4, 0):OFFSET(INDIRECT("C"&$F18), -1, 0)) -> 28.75 | O17: =SUMIF(OFFSET(INDIRECT("B"&$F17), 4, 0):INDIRECT("B"&$F18), "*"&$O$2&"*", OFFSET(INDIRECT("C"&$F17), 4, 0):OFFSET(INDIRECT("C"&$F18), -1, 0)) -> 64 | P17: =SUMIF(OFFSET(INDIRECT("B"&$F17), 4, 0):INDIRECT("B"&$F18), "*"&$P$2&"*", OFFSET(INDIRECT("C"&$F17), 4, 0):OFFSET(INDIRECT("C"&$F18), -1, 0)) -> 347.2 | Q17: =SUM($I17:$P17) -> 2857.44 | V17: TD | W17: CO
A18: =IF(COUNTIF($V$3:$Y$99, $B18)<>0, ROW($B18), 0) -> 0 | B18: Scottish Fruits Cider Liqueur 50cl | C18: 28.75 | D18: 3 | F18: {=INDEX(OFFSET(INDIRECT("A"&F17), 1, 0):OFFSET(OFFSET(INDIRECT("A"&F17), 1, 0), 100, 0),MATCH(TRUE,INDEX(OFFSET(INDIRECT("A"&F17), 1, 0):OFFSET(OFFSET(INDIRECT("A"&F17), 1, 0), 100, 0)<>0,),0))} -> 474 | G18: {=INDIRECT("B"&$F18)} -> NG | H18: {=_xlfn.IFS(COUNTIF($V$3:$V$18, G18)<>0, "S", COUNTIF($W$3:$W$99, G18)<>0, "E", COUNTIF($X$3, G18)<>0, "I", COUNTIF($Y$3:$Y$8, G18)<>0, "W")} -> E | I18: =SUMIF(OFFSET(INDIRECT("B"&$F18), 4, 0):INDIRECT("B"&$F19), "*"&$I$2&"*", OFFSET(INDIRECT("C"&$F18), 4, 0):OFFSET(INDIRECT("C"&$F19), -1, 0)) -> 1998.8 | J18: =SUMIF(OFFSET(INDIRECT("B"&$F18), 4, 0):INDIRECT("B"&$F19), "*"&$J$2&"*", OFFSET(INDIRECT("C"&$F18), 4, 0):OFFSET(INDIRECT("C"&$F19), -1, 0)) -> 111.36 | K18: =SUMIF(OFFSET(INDIRECT("B"&$F18), 4, 0):INDIRECT("B"&$F19), "*"&$K$2&"*", OFFSET(INDIRECT("C"&$F18), 4, 0):OFFSET(INDIRECT("C"&$F19), -1, 0)) -> 0 | L18: =SUMIF(OFFSET(INDIRECT("B"&$F18), 4, 0):INDIRECT("B"&$F19), "*"&$L$2&"*", OFFSET(INDIRECT("C"&$F18), 4, 0):OFFSET(INDIRECT("C"&$F19), -1, 0)) -> 174.1 | M18: =SUMIF(OFFSET(INDIRECT("B"&$F18), 4, 0):INDIRECT("B"&$F19), "*"&$M$2&"*", OFFSET(INDIRECT("C"&$F18), 4, 0):OFFSET(INDIRECT("C"&$F19), -1, 0)) -> 195.6 | N18: =SUMIF(OFFSET(INDIRECT("B"&$F18), 4, 0):INDIRECT("B"&$F19), "*"&$N$2&"*", OFFSET(INDIRECT("C"&$F18), 4, 0):OFFSET(INDIRECT("C"&$F19), -1, 0)) -> 140.11 | O18: =SUMIF(OFFSET(INDIRECT("B"&$F18), 4, 0):INDIRECT("B"&$F19), "*"&$O$2&"*", OFFSET(INDIRECT("C"&$F18), 4, 0):OFFSET(INDIRECT("C"&$F19), -1, 0)) -> 76.8 | P18: =SUMIF(OFFSET(INDIRECT("B"&$F18), 4, 0):INDIRECT("B"&$F19), "*"&$P$2&"*", OFFSET(INDIRECT("C"&$F18), 4, 0):OFFSET(INDIRECT("C"&$F19), -1, 0)) -> 532 | Q18: =SUM($I18:$P18) -> 3228.77 | S18: =K2 -> Ginger | V18: ZE | W18: CR
A19: =IF(COUNTIF($V$3:$Y$99, $B19)<>0, ROW($B19), 0) -> 0 | B19: Whisky Cask - Bottle 24 x 330ml | C19: 307.2 | D19: 8 | F19: {=INDEX(OFFSET(INDIRECT("A"&F18), 1, 0):OFFSET(OFFSET(INDIRECT("A"&F18), 1, 0), 100, 0),MATCH(TRUE,INDEX(OFFSET(INDIRECT("A"&F18), 1, 0):OFFSET(OFFSET(INDIRECT("A"&F18), 1, 0), 100, 0)<>0,),0))} -> 506 | G19: {=INDIRECT("B"&$F19)} -> IV | H19: {=_xlfn.IFS(COUNTIF($V$3:$V$18, G19)<>0, "S", COUNTIF($W$3:$W$99, G19)<>0, "E", COUNTIF($X$3, G19)<>0, "I", COUNTIF($Y$3:$Y$8, G19)<>0, "W")} -> S | I19: =SUMIF(OFFSET(INDIRECT("B"&$F19), 4, 0):INDIRECT("B"&$F20), "*"&$I$2&"*", OFFSET(INDIRECT("C"&$F19), 4, 0):OFFSET(INDIRECT("C"&$F20), -1, 0)) -> 2051.15 | J19: =SUMIF(OFFSET(INDIRECT("B"&$F19), 4, 0):INDIRECT("B"&$F20), "*"&$J$2&"*", OFFSET(INDIRECT("C"&$F19), 4, 0):OFFSET(INDIRECT("C"&$F20), -1, 0)) -> 305.47 | K19: =SUMIF(OFFSET(INDIRECT("B"&$F19), 4, 0):INDIRECT("B"&$F20), "*"&$K$2&"*", OFFSET(INDIRECT("C"&$F19), 4, 0):OFFSET(INDIRECT("C"&$F20), -1, 0)) -> 227.5 | L19: =SUMIF(OFFSET(INDIRECT("B"&$F19), 4, 0):INDIRECT("B"&$F20), "*"&$L$2&"*", OFFSET(INDIRECT("C"&$F19), 4, 0):OFFSET(INDIRECT("C"&$F20), -1, 0)) -> 517.55 | M19: =SUMIF(OFFSET(INDIRECT("B"&$F19), 4, 0):INDIRECT("B"&$F20), "*"&$M$2&"*", OFFSET(INDIRECT("C"&$F19), 4, 0):OFFSET(INDIRECT("C"&$F20), -1, 0)) -> 577.2 | N19: =SUMIF(OFFSET(INDIRECT("B"&$F19), 4, 0):INDIRECT("B"&$F20), "*"&$N$2&"*", OFFSET(INDIRECT("C"&$F19), 4, 0):OFFSET(INDIRECT("C"&$F20), -1, 0)) -> 272.54 | O19: =SUMIF(OFFSET(INDIRECT("B"&$F19), 4, 0):INDIRECT("B"&$F20), "*"&$O$2&"*", OFFSET(INDIRECT("C"&$F19), 4, 0):OFFSET(INDIRECT("C"&$F20), -1, 0)) -> 217.6 | P19: =SUMIF(OFFSET(INDIRECT("B"&$F19), 4, 0):INDIRECT("B"&$F20), "*"&$P$2&"*", OFFSET(INDIRECT("C"&$F19), 4, 0):OFFSET(INDIRECT("C"&$F20), -1, 0)) -> 2392.5 | Q19: =SUM($I19:$P19) -> 6561.51 | S19: Region | T19: Sales | W19: CT
A20: =IF(COUNTIF($V$3:$Y$99, $B20)<>0, ROW($B20), 0) -> 0 | B20: Mix & Match 500ml Bottle Case (24 bottles) | C20: 328.8 | D20: 6 | F20: {=INDEX(OFFSET(INDIRECT("A"&F19), 1, 0):OFFSET(OFFSET(INDIRECT("A"&F19), 1, 0), 100, 0),MATCH(TRUE,INDEX(OFFSET(INDIRECT("A"&F19), 1, 0):OFFSET(OFFSET(INDIRECT("A"&F19), 1, 0), 100, 0)<>0,),0))} -> 551 | G20: {=INDIRECT("B"&$F20)} -> HA | H20: {=_xlfn.IFS(COUNTIF($V$3:$V$18, G20)<>0, "S", COUNTIF($W$3:$W$99, G20)<>0, "E", COUNTIF($X$3, G20)<>0, "I", COUNTIF($Y$3:$Y$8, G20)<>0, "W")} -> E | I20: =SUMIF(OFFSET(INDIRECT("B"&$F20), 4, 0):INDIRECT("B"&$F21), "*"&$I$2&"*", OFFSET(INDIRECT("C"&$F20), 4, 0):OFFSET(INDIRECT("C"&$F21), -1, 0)) -> 224.8 | J20: =SUMIF(OFFSET(INDIRECT("B"&$F20), 4, 0):INDIRECT("B"&$F21), "*"&$J$2&"*", OFFSET(INDIRECT("C"&$F20), 4, 0):OFFSET(INDIRECT("C"&$F21), -1, 0)) -> 0 | K20: =SUMIF(OFFSET(INDIRECT("B"&$F20), 4, 0):INDIRECT("B"&$F21), "*"&$K$2&"*", OFFSET(INDIRECT("C"&$F20), 4, 0):OFFSET(INDIRECT("C"&$F21), -1, 0)) -> 38.4 | L20: =SUMIF(OFFSET(INDIRECT("B"&$F20), 4, 0):INDIRECT("B"&$F21), "*"&$L$2&"*", OFFSET(INDIRECT("C"&$F20), 4, 0):OFFSET(INDIRECT("C"&$F21), -1, 0)) -> 76.8 | M20: =SUMIF(OFFSET(INDIRECT("B"&$F20), 4, 0):INDIRECT("B"&$F21), "*"&$M$2&"*", OFFSET(INDIRECT("C"&$F20), 4, 0):OFFSET(INDIRECT("C"&$F21), -1, 0)) -> 38.4 | N20: =SUMIF(OFFSET(INDIRECT("B"&$F20), 4, 0):INDIRECT("B"&$F21), "*"&$N$2&"*", OFFSET(INDIRECT("C"&$F20), 4, 0):OFFSET(INDIRECT("C"&$F21), -1, 0)) -> 0 | O20: =SUMIF(OFFSET(INDIRECT("B"&$F20), 4, 0):INDIRECT("B"&$F21), "*"&$O$2&"*", OFFSET(INDIRECT("C"&$F20), 4, 0):OFFSET(INDIRECT("C"&$F21), -1, 0)) -> 0 | P20: =SUMIF(OFFSET(INDIRECT("B"&$F20), 4, 0):INDIRECT("B"&$F21), "*"&$P$2&"*", OFFSET(INDIRECT("C"&$F20), 4, 0):OFFSET(INDIRECT("C"&$F21), -1, 0)) -> 238.75 | Q20: =SUM($I20:$P20) -> 617.15 | S20: England | T20: =SUMIF($H$3:$H$120, "E", $K$3:$K$120) -> 3128.3 | W20: CV
A21: =IF(COUNTIF($V$3:$Y$99, $B21)<>0, ROW($B21), 0) -> 0 | B21: Elderflower - Bottle 24 x 500ml | C21: 54.8 | D21: 1 | F21: {=INDEX(OFFSET(INDIRECT("A"&F20), 1, 0):OFFSET(OFFSET(INDIRECT("A"&F20), 1, 0), 100, 0),MATCH(TRUE,INDEX(OFFSET(INDIRECT("A"&F20), 1, 0):OFFSET(OFFSET(INDIRECT("A"&F20), 1, 0), 100, 0)<>0,),0))} -> 567 | G21: {=INDIRECT("B"&$F21)} -> S | H21: {=_xlfn.IFS(COUNTIF($V$3:$V$18, G21)<>0, "S", COUNTIF($W$3:$W$99, G21)<>0, "E", COUNTIF($X$3, G21)<>0, "I", COUNTIF($Y$3:$Y$8, G21)<>0, "W")} -> E | I21: =SUMIF(OFFSET(INDIRECT("B"&$F21), 4, 0):INDIRECT("B"&$F22), "*"&$I$2&"*", OFFSET(INDIRECT("C"&$F21), 4, 0):OFFSET(INDIRECT("C"&$F22), -1, 0)) -> 1793.15 | J21: =SUMIF(OFFSET(INDIRECT("B"&$F21), 4, 0):INDIRECT("B"&$F22), "*"&$J$2&"*", OFFSET(INDIRECT("C"&$F21), 4, 0):OFFSET(INDIRECT("C"&$F22), -1, 0)) -> 76.8 | K21: =SUMIF(OFFSET(INDIRECT("B"&$F21), 4, 0):INDIRECT("B"&$F22), "*"&$K$2&"*", OFFSET(INDIRECT("C"&$F21), 4, 0):OFFSET(INDIRECT("C"&$F22), -1, 0)) -> 116.8 | L21: =SUMIF(OFFSET(INDIRECT("B"&$F21), 4, 0):INDIRECT("B"&$F22), "*"&$L$2&"*", OFFSET(INDIRECT("C"&$F21), 4, 0):OFFSET(INDIRECT("C"&$F22), -1, 0)) -> 181.55 | M21: =SUMIF(OFFSET(INDIRECT("B"&$F21), 4, 0):INDIRECT("B"&$F22), "*"&$M$2&"*", OFFSET(INDIRECT("C"&$F21), 4, 0):OFFSET(INDIRECT("C"&$F22), -1, 0)) -> 238.8 | N21: =SUMIF(OFFSET(INDIRECT("B"&$F21), 4, 0):INDIRECT("B"&$F22), "*"&$N$2&"*", OFFSET(INDIRECT("C"&$F21), 4, 0):OFFSET(INDIRECT("C"&$F22), -1, 0)) -> 120.81 | O21: =SUMIF(OFFSET(INDIRECT("B"&$F21), 4, 0):INDIRECT("B"&$F22), "*"&$O$2&"*", OFFSET(INDIRECT("C"&$F21), 4, 0):OFFSET(INDIRECT("C"&$F22), -1, 0)) -> 64 | P21: =SUMIF(OFFSET(INDIRECT("B"&$F21), 4, 0):INDIRECT("B"&$F22), "*"&$P$2&"*", OFFSET(INDIRECT("C"&$F21), 4, 0):OFFSET(INDIRECT("C"&$F22), -1, 0)) -> 423.55 | Q21: =SUM($I21:$P21) -> 3015.46 | S21: Scotland | T21: =SUMIF($H$3:$H$120, "S", $K$3:$K$120) -> 3858.17 | W21: CW
A22: =IF(COUNTIF($V$3:$Y$99, $B22)<>0, ROW($B22), 0) -> 0 | B22: MIx + Match 500ml - March Offer | C22: 49.95 | D22: 1 | F22: {=INDEX(OFFSET(INDIRECT("A"&F21), 1, 0):OFFSET(OFFSET(INDIRECT("A"&F21), 1, 0), 100, 0),MATCH(TRUE,INDEX(OFFSET(INDIRECT("A"&F21), 1, 0):OFFSET(OFFSET(INDIRECT("A"&F21), 1, 0), 100, 0)<>0,),0))} -> 599 | G22: {=INDIRECT("B"&$F22)} -> SY | H22: {=_xlfn.IFS(COUNTIF($V$3:$V$18, G22)<>0, "S", COUNTIF($W$3:$W$99, G22)<>0, "E", COUNTIF($X$3, G22)<>0, "I", COUNTIF($Y$3:$Y$8, G22)<>0, "W")} -> W | I22: =SUMIF(OFFSET(INDIRECT("B"&$F22), 4, 0):INDIRECT("B"&$F23), "*"&$I$2&"*", OFFSET(INDIRECT("C"&$F22), 4, 0):OFFSET(INDIRECT("C"&$F23), -1, 0)) -> 404.8 | J22: =SUMIF(OFFSET(INDIRECT("B"&$F22), 4, 0):INDIRECT("B"&$F23), "*"&$J$2&"*", OFFSET(INDIRECT("C"&$F22), 4, 0):OFFSET(INDIRECT("C"&$F23), -1, 0)) -> 54.8 | K22: =SUMIF(OFFSET(INDIRECT("B"&$F22), 4, 0):INDIRECT("B"&$F23), "*"&$K$2&"*", OFFSET(INDIRECT("C"&$F22), 4, 0):OFFSET(INDIRECT("C"&$F23), -1, 0)) -> 86.25 | L22: =SUMIF(OFFSET(INDIRECT("B"&$F22), 4, 0):INDIRECT("B"&$F23), "*"&$L$2&"*", OFFSET(INDIRECT("C"&$F22), 4, 0):OFFSET(INDIRECT("C"&$F23), -1, 0)) -> 42.5 | M22: =SUMIF(OFFSET(INDIRECT("B"&$F22), 4, 0):INDIRECT("B"&$F23), "*"&$M$2&"*", OFFSET(INDIRECT("C"&$F22), 4, 0):OFFSET(INDIRECT("C"&$F23), -1, 0)) -> 38.4 | N22: =SUMIF(OFFSET(INDIRECT("B"&$F22), 4, 0):INDIRECT("B"&$F23), "*"&$N$2&"*", OFFSET(INDIRECT("C"&$F22), 4, 0):OFFSET(INDIRECT("C"&$F23), -1, 0)) -> 0 | O22: =SUMIF(OFFSET(INDIRECT("B"&$F22), 4, 0):INDIRECT("B"&$F23), "*"&$O$2&"*", OFFSET(INDIRECT("C"&$F22), 4, 0):OFFSET(INDIRECT("C"&$F23), -1, 0)) -> 0 | P22: =SUMIF(OFFSET(INDIRECT("B"&$F22), 4, 0):INDIRECT("B"&$F23), "*"&$P$2&"*", OFFSET(INDIRECT("C"&$F22), 4, 0):OFFSET(INDIRECT("C"&$F23), -1, 0)) -> 153.4 | Q22: =SUM($I22:$P22) -> 780.15 | S22: N.Ireland | T22: =SUMIF($H$3:$H$120, "I", $K$3:$K$120) -> 0 | W22: DA
A23: =IF(COUNTIF($V$3:$Y$99, $B23)<>0, ROW($B23), 0) -> 23 | B23: KA | F23: {=INDEX(OFFSET(INDIRECT("A"&F22), 1, 0):OFFSET(OFFSET(INDIRECT("A"&F22), 1, 0), 100, 0),MATCH(TRUE,INDEX(OFFSET(INDIRECT("A"&F22), 1, 0):OFFSET(OFFSET(INDIRECT("A"&F22), 1, 0), 100, 0)<>0,),0))} -> 618 | G23: {=INDIRECT("B"&$F23)} -> NW | H23: {=_xlfn.IFS(COUNTIF($V$3:$V$18, G23)<>0, "S", COUNTIF($W$3:$W$99, G23)<>0, "E", COUNTIF($X$3, G23)<>0, "I", COUNTIF($Y$3:$Y$8, G23)<>0, "W")} -> E | I23: =SUMIF(OFFSET(INDIRECT("B"&$F23), 4, 0):INDIRECT("B"&$F24), "*"&$I$2&"*", OFFSET(INDIRECT("C"&$F23), 4, 0):OFFSET(INDIRECT("C"&$F24), -1, 0)) -> 205.2 | J23: =SUMIF(OFFSET(INDIRECT("B"&$F23), 4, 0):INDIRECT("B"&$F24), "*"&$J$2&"*", OFFSET(INDIRECT("C"&$F23), 4, 0):OFFSET(INDIRECT("C"&$F24), -1, 0)) -> 38.4 | K23: =SUMIF(OFFSET(INDIRECT("B"&$F23), 4, 0):INDIRECT("B"&$F24), "*"&$K$2&"*", OFFSET(INDIRECT("C"&$F23), 4, 0):OFFSET(INDIRECT("C"&$F24), -1, 0)) -> 0 | L23: =SUMIF(OFFSET(INDIRECT("B"&$F23), 4, 0):INDIRECT("B"&$F24), "*"&$L$2&"*", OFFSET(INDIRECT("C"&$F23), 4, 0):OFFSET(INDIRECT("C"&$F24), -1, 0)) -> 54.39 | M23: =SUMIF(OFFSET(INDIRECT("B"&$F23), 4, 0):INDIRECT("B"&$F24), "*"&$M$2&"*", OFFSET(INDIRECT("C"&$F23), 4, 0):OFFSET(INDIRECT("C"&$F24), -1, 0)) -> 0 | N23: =SUMIF(OFFSET(INDIRECT("B"&$F23), 4, 0):INDIRECT("B"&$F24), "*"&$N$2&"*", OFFSET(INDIRECT("C"&$F23), 4, 0):OFFSET(INDIRECT("C"&$F24), -1, 0)) -> 28.75 | O23: =SUMIF(OFFSET(INDIRECT("B"&$F23), 4, 0):INDIRECT("B"&$F24), "*"&$O$2&"*", OFFSET(INDIRECT("C"&$F23), 4, 0):OFFSET(INDIRECT("C"&$F24), -1, 0)) -> 0 | P23: =SUMIF(OFFSET(INDIRECT("B"&$F23), 4, 0):INDIRECT("B"&$F24), "*"&$P$2&"*", OFFSET(INDIRECT("C"&$F23), 4, 0):OFFSET(INDIRECT("C"&$F24), -1, 0)) -> 253.55 | Q23: =SUM($I23:$P23) -> 580.29 | S23: Wales | T23: =SUMIF($H$3:$H$120, "W", $K$3:$K$120) -> 169.8 | W23: DE
A24: =IF(COUNTIF($V$3:$Y$99, $B24)<>0, ROW($B24), 0) -> 0 | B24: Total # Sold | C24: 122 | F24: {=INDEX(OFFSET(INDIRECT("A"&F23), 1, 0):OFFSET(OFFSET(INDIRECT("A"&F23), 1, 0), 100, 0),MATCH(TRUE,INDEX(OFFSET(INDIRECT("A"&F23), 1, 0):OFFSET(OFFSET(INDIRECT("A"&F23), 1, 0), 100, 0)<>0,),0))} -> 636 | G24: {=INDIRECT("B"&$F24)} -> BA | H24: {=_xlfn.IFS(COUNTIF($V$3:$V$18, G24)<>0, "S", COUNTIF($W$3:$W$99, G24)<>0, "E", COUNTIF($X$3, G24)<>0, "I", COUNTIF($Y$3:$Y$8, G24)<>0, "W")} -> E | I24: =SUMIF(OFFSET(INDIRECT("B"&$F24), 4, 0):INDIRECT("B"&$F25), "*"&$I$2&"*", OFFSET(INDIRECT("C"&$F24), 4, 0):OFFSET(INDIRECT("C"&$F25), -1, 0)) -> 931.6 | J24: =SUMIF(OFFSET(INDIRECT("B"&$F24), 4, 0):INDIRECT("B"&$F25), "*"&$J$2&"*", OFFSET(INDIRECT("C"&$F24), 4, 0):OFFSET(INDIRECT("C"&$F25), -1, 0)) -> 0 | K24: =SUMIF(OFFSET(INDIRECT("B"&$F24), 4, 0):INDIRECT("B"&$F25), "*"&$K$2&"*", OFFSET(INDIRECT("C"&$F24), 4, 0):OFFSET(INDIRECT("C"&$F25), -1, 0)) -> 0 | L24: =SUMIF(OFFSET(INDIRECT("B"&$F24), 4, 0):INDIRECT("B"&$F25), "*"&$L$2&"*", OFFSET(INDIRECT("C"&$F24), 4, 0):OFFSET(INDIRECT("C"&$F25), -1, 0)) -> 0 | M24: =SUMIF(OFFSET(INDIRECT("B"&$F24), 4, 0):INDIRECT("B"&$F25), "*"&$M$2&"*", OFFSET(INDIRECT("C"&$F24), 4, 0):OFFSET(INDIRECT("C"&$F25), -1, 0)) -> 171.6 | N24: =SUMIF(OFFSET(INDIRECT("B"&$F24), 4, 0):INDIRECT("B"&$F25), "*"&$N$2&"*", OFFSET(INDIRECT("C"&$F24), 4, 0):OFFSET(INDIRECT("C"&$F25), -1, 0)) -> 57.5 | O24: =SUMIF(OFFSET(INDIRECT("B"&$F24), 4, 0):INDIRECT("B"&$F25), "*"&$O$2&"*", OFFSET(INDIRECT("C"&$F24), 4, 0):OFFSET(INDIRECT("C"&$F25), -1, 0)) -> 38.4 | P24: =SUMIF(OFFSET(INDIRECT("B"&$F24), 4, 0):INDIRECT("B"&$F25), "*"&$P$2&"*", OFFSET(INDIRECT("C"&$F24), 4, 0):OFFSET(INDIRECT("C"&$F25), -1, 0)) -> 93.2 | Q24: =SUM($I24:$P24) -> 1292.3 | S24: Total | T24: =SUM(T20:T23) -> 7156.27 | W24: DH
A25: =IF(COUNTIF($V$3:$Y$99, $B25)<>0, ROW($B25), 0) -> 0 | B25: Total Sales | C25: 4727.19 | F25: {=INDEX(OFFSET(INDIRECT("A"&F24), 1, 0):OFFSET(OFFSET(INDIRECT("A"&F24), 1, 0), 100, 0),MATCH(TRUE,INDEX(OFFSET(INDIRECT("A"&F24), 1, 0):OFFSET(OFFSET(INDIRECT("A"&F24), 1, 0), 100, 0)<>0,),0))} -> 657 | G25: {=INDIRECT("B"&$F25)} -> NP | H25: {=_xlfn.IFS(COUNTIF($V$3:$V$18, G25)<>0, "S", COUNTIF($W$3:$W$99, G25)<>0, "E", COUNTIF($X$3, G25)<>0, "I", COUNTIF($Y$3:$Y$8, G25)<>0, "W")} -> W | I25: =SUMIF(OFFSET(INDIRECT("B"&$F25), 4, 0):INDIRECT("B"&$F26), "*"&$I$2&"*", OFFSET(INDIRECT("C"&$F25), 4, 0):OFFSET(INDIRECT("C"&$F26), -1, 0)) -> 2688 | J25: =SUMIF(OFFSET(INDIRECT("B"&$F25), 4, 0):INDIRECT("B"&$F26), "*"&$J$2&"*", OFFSET(INDIRECT("C"&$F25), 4, 0):OFFSET(INDIRECT("C"&$F26), -1, 0)) -> 0 | K25: =SUMIF(OFFSET(INDIRECT("B"&$F25), 4, 0):INDIRECT("B"&$F26), "*"&$K$2&"*", OFFSET(INDIRECT("C"&$F25), 4, 0):OFFSET(INDIRECT("C"&$F26), -1, 0)) -> 0 | L25: =SUMIF(OFFSET(INDIRECT("B"&$F25), 4, 0):INDIRECT("B"&$F26), "*"&$L$2&"*", OFFSET(INDIRECT("C"&$F25), 4, 0):OFFSET(INDIRECT("C"&$F26), -1, 0)) -> 0 | M25: =SUMIF(OFFSET(INDIRECT("B"&$F25), 4, 0):INDIRECT("B"&$F26), "*"&$M$2&"*", OFFSET(INDIRECT("C"&$F25), 4, 0):OFFSET(INDIRECT("C"&$F26), -1, 0)) -> 80 | N25: =SUMIF(OFFSET(INDIRECT("B"&$F25), 4, 0):INDIRECT("B"&$F26), "*"&$N$2&"*", OFFSET(INDIRECT("C"&$F25), 4, 0):OFFSET(INDIRECT("C"&$F26), -1, 0)) -> 28.75 | O25: =SUMIF(OFFSET(INDIRECT("B"&$F25), 4, 0):INDIRECT("B"&$F26), "*"&$O$2&"*", OFFSET(INDIRECT("C"&$F25), 4, 0):OFFSET(INDIRECT("C"&$F26), -1, 0)) -> 38.4 | P25: =SUMIF(OFFSET(INDIRECT("B"&$F25), 4, 0):INDIRECT("B"&$F26), "*"&$P$2&"*", OFFSET(INDIRECT("C"&$F25), 4, 0):OFFSET(INDIRECT("C"&$F26), -1, 0)) -> 189.1 | Q25: =SUM($I25:$P25) -> 3024.25 | W25: DL
A26: =IF(COUNTIF($V$3:$Y$99, $B26)<>0, ROW($B26), 0) -> 0 | B26: Product Name | C26: Sales | D26: Quantity | F26: {=INDEX(OFFSET(INDIRECT("A"&F25), 1, 0):OFFSET(OFFSET(INDIRECT("A"&F25), 1, 0), 100, 0),MATCH(TRUE,INDEX(OFFSET(INDIRECT("A"&F25), 1, 0):OFFSET(OFFSET(INDIRECT("A"&F25), 1, 0), 100, 0)<>0,),0))} -> 676 | G26: {=INDIRECT("B"&$F26)} -> KY | H26: {=_xlfn.IFS(COUNTIF($V$3:$V$18, G26)<>0, "S", COUNTIF($W$3:$W$99, G26)<>0, "E", COUNTIF($X$3, G26)<>0, "I", COUNTIF($Y$3:$Y$8, G26)<>0, "W")} -> S | I26: =SUMIF(OFFSET(INDIRECT("B"&$F26), 4, 0):INDIRECT("B"&$F27), "*"&$I$2&"*", OFFSET(INDIRECT("C"&$F26), 4, 0):OFFSET(INDIRECT("C"&$F27), -1, 0)) -> 1110.7 | J26: =SUMIF(OFFSET(INDIRECT("B"&$F26), 4, 0):INDIRECT("B"&$F27), "*"&$J$2&"*", OFFSET(INDIRECT("C"&$F26), 4, 0):OFFSET(INDIRECT("C"&$F27), -1, 0)) -> 202.32 | K26: =SUMIF(OFFSET(INDIRECT("B"&$F26), 4, 0):INDIRECT("B"&$F27), "*"&$K$2&"*", OFFSET(INDIRECT("C"&$F26), 4, 0):OFFSET(INDIRECT("C"&$F27), -1, 0)) -> 143.95 | L26: =SUMIF(OFFSET(INDIRECT("B"&$F26), 4, 0):INDIRECT("B"&$F27), "*"&$L$2&"*", OFFSET(INDIRECT("C"&$F26), 4, 0):OFFSET(INDIRECT("C"&$F27), -1, 0)) -> 481.49 | M26: =SUMIF(OFFSET(INDIRECT("B"&$F26), 4, 0):INDIRECT("B"&$F27), "*"&$M$2&"*", OFFSET(INDIRECT("C"&$F26), 4, 0):OFFSET(INDIRECT("C"&$F27), -1, 0)) -> 577.6 | N26: =SUMIF(OFFSET(INDIRECT("B"&$F26), 4, 0):INDIRECT("B"&$F27), "*"&$N$2&"*", OFFSET(INDIRECT("C"&$F26), 4, 0):OFFSET(INDIRECT("C"&$F27), -1, 0)) -> 377.89 | O26: =SUMIF(OFFSET(INDIRECT("B"&$F26), 4, 0):INDIRECT("B"&$F27), "*"&$O$2&"*", OFFSET(INDIRECT("C"&$F26), 4, 0):OFFSET(INDIRECT("C"&$F27), -1, 0)) -> 115.2 | P26: =SUMIF(OFFSET(INDIRECT("B"&$F26), 4, 0):INDIRECT("B"&$F27), "*"&$P$2&"*", OFFSET(INDIRECT("C"&$F26), 4, 0):OFFSET(INDIRECT("C"&$F27), -1, 0)) -> 1505.3 | Q26: =SUM($I26:$P26) -> 4514.45 | S26: =L2 -> Elderflower | W26: DN
A27: =IF(COUNTIF($V$3:$Y$99, $B27)<>0, ROW($B27), 0) -> 0 | B27: Thistly Cross Selection Box Gift Box | C27: 595 | D27: 17 | F27: {=INDEX(OFFSET(INDIRECT("A"&F26), 1, 0):OFFSET(OFFSET(INDIRECT("A"&F26), 1, 0), 100, 0),MATCH(TRUE,INDEX(OFFSET(INDIRECT("A"&F26), 1, 0):OFFSET(OFFSET(INDIRECT("A"&F26), 1, 0), 100, 0)<>0,),0))} -> 722 | G27: {=INDIRECT("B"&$F27)} -> PH | H27: {=_xlfn.IFS(COUNTIF($V$3:$V$18, G27)<>0, "S", COUNTIF($W$3:$W$99, G27)<>0, "E", COUNTIF($X$3, G27)<>0, "I", COUNTIF($Y$3:$Y$8, G27)<>0, "W")} -> S | I27: =SUMIF(OFFSET(INDIRECT("B"&$F27), 4, 0):INDIRECT("B"&$F28), "*"&$I$2&"*", OFFSET(INDIRECT("C"&$F27), 4, 0):OFFSET(INDIRECT("C"&$F28), -1, 0)) -> 1267.95 | J27: =SUMIF(OFFSET(INDIRECT("B"&$F27), 4, 0):INDIRECT("B"&$F28), "*"&$J$2&"*", OFFSET(INDIRECT("C"&$F27), 4, 0):OFFSET(INDIRECT("C"&$F28), -1, 0)) -> 78.4 | K27: =SUMIF(OFFSET(INDIRECT("B"&$F27), 4, 0):INDIRECT("B"&$F28), "*"&$K$2&"*", OFFSET(INDIRECT("C"&$F27), 4, 0):OFFSET(INDIRECT("C"&$F28), -1, 0)) -> 155.2 | L27: =SUMIF(OFFSET(INDIRECT("B"&$F27), 4, 0):INDIRECT("B"&$F28), "*"&$L$2&"*", OFFSET(INDIRECT("C"&$F27), 4, 0):OFFSET(INDIRECT("C"&$F28), -1, 0)) -> 432.55 | M27: =SUMIF(OFFSET(INDIRECT("B"&$F27), 4, 0):INDIRECT("B"&$F28), "*"&$M$2&"*", OFFSET(INDIRECT("C"&$F27), 4, 0):OFFSET(INDIRECT("C"&$F28), -1, 0)) -> 412.8 | N27: =SUMIF(OFFSET(INDIRECT("B"&$F27), 4, 0):INDIRECT("B"&$F28), "*"&$N$2&"*", OFFSET(INDIRECT("C"&$F27), 4, 0):OFFSET(INDIRECT("C"&$F28), -1, 0)) -> 92.06 | O27: =SUMIF(OFFSET(INDIRECT("B"&$F27), 4, 0):INDIRECT("B"&$F28), "*"&$O$2&"*", OFFSET(INDIRECT("C"&$F27), 4, 0):OFFSET(INDIRECT("C"&$F28), -1, 0)) -> 116.8 | P27: =SUMIF(OFFSET(INDIRECT("B"&$F27), 4, 0):INDIRECT("B"&$F28), "*"&$P$2&"*", OFFSET(INDIRECT("C"&$F27), 4, 0):OFFSET(INDIRECT("C"&$F28), -1, 0)) -> 883.05 | Q27: =SUM($I27:$P27) -> 3438.81 | S27: Region | T27: Sales | W27: DT
A28: =IF(COUNTIF($V$3:$Y$99, $B28)<>0, ROW($B28), 0) -> 0 | B28: Mix & Match 500ml Bottle Case (24 bottles) | C28: 383.6 | D28: 7 | F28: {=INDEX(OFFSET(INDIRECT("A"&F27), 1, 0):OFFSET(OFFSET(INDIRECT("A"&F27), 1, 0), 100, 0),MATCH(TRUE,INDEX(OFFSET(INDIRECT("A"&F27), 1, 0):OFFSET(OFFSET(INDIRECT("A"&F27), 1, 0), 100, 0)<>0,),0))} -> 760 | G28: {=INDIRECT("B"&$F28)} -> SP | H28: {=_xlfn.IFS(COUNTIF($V$3:$V$18, G28)<>0, "S", COUNTIF($W$3:$W$99, G28)<>0, "E", COUNTIF($X$3, G28)<>0, "I", COUNTIF($Y$3:$Y$8, G28)<>0, "W")} -> E | I28: =SUMIF(OFFSET(INDIRECT("B"&$F28), 4, 0):INDIRECT("B"&$F29), "*"&$I$2&"*", OFFSET(INDIRECT("C"&$F28), 4, 0):OFFSET(INDIRECT("C"&$F29), -1, 0)) -> 516 | J28: =SUMIF(OFFSET(INDIRECT("B"&$F28), 4, 0):INDIRECT("B"&$F29), "*"&$J$2&"*", OFFSET(INDIRECT("C"&$F28), 4, 0):OFFSET(INDIRECT("C"&$F29), -1, 0)) -> 0 | K28: =SUMIF(OFFSET(INDIRECT("B"&$F28), 4, 0):INDIRECT("B"&$F29), "*"&$K$2&"*", OFFSET(INDIRECT("C"&$F28), 4, 0):OFFSET(INDIRECT("C"&$F29), -1, 0)) -> 28.75 | L28: =SUMIF(OFFSET(INDIRECT("B"&$F28), 4, 0):INDIRECT("B"&$F29), "*"&$L$2&"*", OFFSET(INDIRECT("C"&$F28), 4, 0):OFFSET(INDIRECT("C"&$F29), -1, 0)) -> 0 | M28: =SUMIF(OFFSET(INDIRECT("B"&$F28), 4, 0):INDIRECT("B"&$F29), "*"&$M$2&"*", OFFSET(INDIRECT("C"&$F28), 4, 0):OFFSET(INDIRECT("C"&$F29), -1, 0)) -> 64 | N28: =SUMIF(OFFSET(INDIRECT("B"&$F28), 4, 0):INDIRECT("B"&$F29), "*"&$N$2&"*", OFFSET(INDIRECT("C"&$F28), 4, 0):OFFSET(INDIRECT("C"&$F29), -1, 0)) -> 0 | O28: =SUMIF(OFFSET(INDIRECT("B"&$F28), 4, 0):INDIRECT("B"&$F29), "*"&$O$2&"*", OFFSET(INDIRECT("C"&$F28), 4, 0):OFFSET(INDIRECT("C"&$F29), -1, 0)) -> 0 | P28: =SUMIF(OFFSET(INDIRECT("B"&$F28), 4, 0):INDIRECT("B"&$F29), "*"&$P$2&"*", OFFSET(INDIRECT("C"&$F28), 4, 0):OFFSET(INDIRECT("C"&$F29), -1, 0)) -> 167.1 | Q28: =SUM($I28:$P28) -> 775.85 | S28: England | T28: =SUMIF($H$3:$H$120, "E", $L$3:$L$120) -> 9759.9 | W28: DY
A29: =IF(COUNTIF($V$3:$Y$99, $B29)<>0, ROW($B29), 0) -> 0 | B29: Traditional - 2x5L Ciderbox 2 x 5L Ciderbox | C29: 80 | D29: 2 | F29: {=INDEX(OFFSET(INDIRECT("A"&F28), 1, 0):OFFSET(OFFSET(INDIRECT("A"&F28), 1, 0), 100, 0),MATCH(TRUE,INDEX(OFFSET(INDIRECT("A"&F28), 1, 0):OFFSET(OFFSET(INDIRECT("A"&F28), 1, 0), 100, 0)<>0,),0))} -> 776 | G29: {=INDIRECT("B"&$F29)} -> FK | H29: {=_xlfn.IFS(COUNTIF($V$3:$V$18, G29)<>0, "S", COUNTIF($W$3:$W$99, G29)<>0, "E", COUNTIF($X$3, G29)<>0, "I", COUNTIF($Y$3:$Y$8, G29)<>0, "W")} -> S | I29: =SUMIF(OFFSET(INDIRECT("B"&$F29), 4, 0):INDIRECT("B"&$F30), "*"&$I$2&"*", OFFSET(INDIRECT("C"&$F29), 4, 0):OFFSET(INDIRECT("C"&$F30), -1, 0)) -> 974.7 | J29: =SUMIF(OFFSET(INDIRECT("B"&$F29), 4, 0):INDIRECT("B"&$F30), "*"&$J$2&"*", OFFSET(INDIRECT("C"&$F29), 4, 0):OFFSET(INDIRECT("C"&$F30), -1, 0)) -> 478.4 | K29: =SUMIF(OFFSET(INDIRECT("B"&$F29), 4, 0):INDIRECT("B"&$F30), "*"&$K$2&"*", OFFSET(INDIRECT("C"&$F29), 4, 0):OFFSET(INDIRECT("C"&$F30), -1, 0)) -> 93.2 | L29: =SUMIF(OFFSET(INDIRECT("B"&$F29), 4, 0):INDIRECT("B"&$F30), "*"&$L$2&"*", OFFSET(INDIRECT("C"&$F29), 4, 0):OFFSET(INDIRECT("C"&$F30), -1, 0)) -> 233.1 | M29: =SUMIF(OFFSET(INDIRECT("B"&$F29), 4, 0):INDIRECT("B"&$F30), "*"&$M$2&"*", OFFSET(INDIRECT("C"&$F29), 4, 0):OFFSET(INDIRECT("C"&$F30), -1, 0)) -> 429.2 | N29: =SUMIF(OFFSET(INDIRECT("B"&$F29), 4, 0):INDIRECT("B"&$F30), "*"&$N$2&"*", OFFSET(INDIRECT("C"&$F29), 4, 0):OFFSET(INDIRECT("C"&$F30), -1, 0)) -> 0 | O29: =SUMIF(OFFSET(INDIRECT("B"&$F29), 4, 0):INDIRECT("B"&$F30), "*"&$O$2&"*", OFFSET(INDIRECT("C"&$F29), 4, 0):OFFSET(INDIRECT("C"&$F30), -1, 0)) -> 0 | P29: =SUMIF(OFFSET(INDIRECT("B"&$F29), 4, 0):INDIRECT("B"&$F30), "*"&$P$2&"*", OFFSET(INDIRECT("C"&$F29), 4, 0):OFFSET(INDIRECT("C"&$F30), -1, 0)) -> 1209.8 | Q29: =SUM($I29:$P29) -> 3418.4 | S29: Scotland | T29: =SUMIF($H$3:$H$120, "S", $L$3:$L$120) -> 7778.64 | W29: EC
A30: =IF(COUNTIF($V$3:$Y$99, $B30)<>0, ROW($B30), 0) -> 0 | B30: Whisky Cask - Bottle 24 x 330ml | C30: 230.4 | D30: 7 | F30: {=INDEX(OFFSET(INDIRECT("A"&F29), 1, 0):OFFSET(OFFSET(INDIRECT("A"&F29), 1, 0), 100, 0),MATCH(TRUE,INDEX(OFFSET(INDIRECT("A"&F29), 1, 0):OFFSET(OFFSET(INDIRECT("A"&F29), 1, 0), 100, 0)<>0,),0))} -> 810 | G30: {=INDIRECT("B"&$F30)} -> DG | H30: {=_xlfn.IFS(COUNTIF($V$3:$V$18, G30)<>0, "S", COUNTIF($W$3:$W$99, G30)<>0, "E", COUNTIF($X$3, G30)<>0, "I", COUNTIF($Y$3:$Y$8, G30)<>0, "W")} -> S | I30: =SUMIF(OFFSET(INDIRECT("B"&$F30), 4, 0):INDIRECT("B"&$F31), "*"&$I$2&"*", OFFSET(INDIRECT("C"&$F30), 4, 0):OFFSET(INDIRECT("C"&$F31), -1, 0)) -> 1182.7 | J30: =SUMIF(OFFSET(INDIRECT("B"&$F30), 4, 0):INDIRECT("B"&$F31), "*"&$J$2&"*", OFFSET(INDIRECT("C"&$F30), 4, 0):OFFSET(INDIRECT("C"&$F31), -1, 0)) -> 285.2 | K30: =SUMIF(OFFSET(INDIRECT("B"&$F30), 4, 0):INDIRECT("B"&$F31), "*"&$K$2&"*", OFFSET(INDIRECT("C"&$F30), 4, 0):OFFSET(INDIRECT("C"&$F31), -1, 0)) -> 38.4 | L30: =SUMIF(OFFSET(INDIRECT("B"&$F30), 4, 0):INDIRECT("B"&$F31), "*"&$L$2&"*", OFFSET(INDIRECT("C"&$F30), 4, 0):OFFSET(INDIRECT("C"&$F31), -1, 0)) -> 99.9 | M30: =SUMIF(OFFSET(INDIRECT("B"&$F30), 4, 0):INDIRECT("B"&$F31), "*"&$M$2&"*", OFFSET(INDIRECT("C"&$F30), 4, 0):OFFSET(INDIRECT("C"&$F31), -1, 0)) -> 131.6 | N30: =SUMIF(OFFSET(INDIRECT("B"&$F30), 4, 0):INDIRECT("B"&$F31), "*"&$N$2&"*", OFFSET(INDIRECT("C"&$F30), 4, 0):OFFSET(INDIRECT("C"&$F31), -1, 0)) -> 168.86 | O30: =SUMIF(OFFSET(INDIRECT("B"&$F30), 4, 0):INDIRECT("B"&$F31), "*"&$O$2&"*", OFFSET(INDIRECT("C"&$F30), 4, 0):OFFSET(INDIRECT("C"&$F31), -1, 0)) -> 256 | P30: =SUMIF(OFFSET(INDIRECT("B"&$F30), 4, 0):INDIRECT("B"&$F31), "*"&$P$2&"*", OFFSET(INDIRECT("C"&$F30), 4, 0):OFFSET(INDIRECT("C"&$F31), -1, 0)) -> 2151.15 | Q30: =SUM($I30:$P30) -> 4313.81 | S30: N.Ireland | T30: =SUMIF($H$3:$H$120, "I", $L$3:$L$120) -> 109.19 | W30: EN
A31: =IF(COUNTIF($V$3:$Y$99, $B31)<>0, ROW($B31), 0) -> 0 | B31: Strawberry - Bottle 24 x 500ml | C31: 219.2 | D31: 4 | F31: {=INDEX(OFFSET(INDIRECT("A"&F30), 1, 0):OFFSET(OFFSET(INDIRECT("A"&F30), 1, 0), 100, 0),MATCH(TRUE,INDEX(OFFSET(INDIRECT("A"&F30), 1, 0):OFFSET(OFFSET(INDIRECT("A"&F30), 1, 0), 100, 0)<>0,),0))} -> 845 | G31: {=INDIRECT("B"&$F31)} -> TA | H31: {=_xlfn.IFS(COUNTIF($V$3:$V$18, G31)<>0, "S", COUNTIF($W$3:$W$99, G31)<>0, "E", COUNTIF($X$3, G31)<>0, "I", COUNTIF($Y$3:$Y$8, G31)<>0, "W")} -> E | I31: =SUMIF(OFFSET(INDIRECT("B"&$F31), 4, 0):INDIRECT("B"&$F32), "*"&$I$2&"*", OFFSET(INDIRECT("C"&$F31), 4, 0):OFFSET(INDIRECT("C"&$F32), -1, 0)) -> 790.8 | J31: =SUMIF(OFFSET(INDIRECT("B"&$F31), 4, 0):INDIRECT("B"&$F32), "*"&$J$2&"*", OFFSET(INDIRECT("C"&$F31), 4, 0):OFFSET(INDIRECT("C"&$F32), -1, 0)) -> 0 | K31: =SUMIF(OFFSET(INDIRECT("B"&$F31), 4, 0):INDIRECT("B"&$F32), "*"&$K$2&"*", OFFSET(INDIRECT("C"&$F31), 4, 0):OFFSET(INDIRECT("C"&$F32), -1, 0)) -> 0 | L31: =SUMIF(OFFSET(INDIRECT("B"&$F31), 4, 0):INDIRECT("B"&$F32), "*"&$L$2&"*", OFFSET(INDIRECT("C"&$F31), 4, 0):OFFSET(INDIRECT("C"&$F32), -1, 0)) -> 109.6 | M31: =SUMIF(OFFSET(INDIRECT("B"&$F31), 4, 0):INDIRECT("B"&$F32), "*"&$M$2&"*", OFFSET(INDIRECT("C"&$F31), 4, 0):OFFSET(INDIRECT("C"&$F32), -1, 0)) -> 0 | N31: =SUMIF(OFFSET(INDIRECT("B"&$F31), 4, 0):INDIRECT("B"&$F32), "*"&$N$2&"*", OFFSET(INDIRECT("C"&$F31), 4, 0):OFFSET(INDIRECT("C"&$F32), -1, 0)) -> 0 | O31: =SUMIF(OFFSET(INDIRECT("B"&$F31), 4, 0):INDIRECT("B"&$F32), "*"&$O$2&"*", OFFSET(INDIRECT("C"&$F31), 4, 0):OFFSET(INDIRECT("C"&$F32), -1, 0)) -> 0 | P31: =SUMIF(OFFSET(INDIRECT("B"&$F31), 4, 0):INDIRECT("B"&$F32), "*"&$P$2&"*", OFFSET(INDIRECT("C"&$F31), 4, 0):OFFSET(INDIRECT("C"&$F32), -1, 0)) -> 220.75 | Q31: =SUM($I31:$P31) -> 1121.15 | S31: Wales | T31: =SUMIF($H$3:$H$120, "W", $L$3:$L$120) -> 582.33 | W31: EX
A32: =IF(COUNTIF($V$3:$Y$99, $B32)<>0, ROW($B32), 0) -> 0 | B32: Mull at Home Cider Kit | C32: 75 | D32: 2 | F32: {=INDEX(OFFSET(INDIRECT("A"&F31), 1, 0):OFFSET(OFFSET(INDIRECT("A"&F31), 1, 0), 100, 0),MATCH(TRUE,INDEX(OFFSET(INDIRECT("A"&F31), 1, 0):OFFSET(OFFSET(INDIRECT("A"&F31), 1, 0), 100, 0)<>0,),0))} -> 860 | G32: {=INDIRECT("B"&$F32)} -> BS | H32: {=_xlfn.IFS(COUNTIF($V$3:$V$18, G32)<>0, "S", COUNTIF($W$3:$W$99, G32)<>0, "E", COUNTIF($X$3, G32)<>0, "I", COUNTIF($Y$3:$Y$8, G32)<>0, "W")} -> E | I32: =SUMIF(OFFSET(INDIRECT("B"&$F32), 4, 0):INDIRECT("B"&$F33), "*"&$I$2&"*", OFFSET(INDIRECT("C"&$F32), 4, 0):OFFSET(INDIRECT("C"&$F33), -1, 0)) -> 2472 | J32: =SUMIF(OFFSET(INDIRECT("B"&$F32), 4, 0):INDIRECT("B"&$F33), "*"&$J$2&"*", OFFSET(INDIRECT("C"&$F32), 4, 0):OFFSET(INDIRECT("C"&$F33), -1, 0)) -> 54.8 | K32: =SUMIF(OFFSET(INDIRECT("B"&$F32), 4, 0):INDIRECT("B"&$F33), "*"&$K$2&"*", OFFSET(INDIRECT("C"&$F32), 4, 0):OFFSET(INDIRECT("C"&$F33), -1, 0)) -> 0 | L32: =SUMIF(OFFSET(INDIRECT("B"&$F32), 4, 0):INDIRECT("B"&$F33), "*"&$L$2&"*", OFFSET(INDIRECT("C"&$F32), 4, 0):OFFSET(INDIRECT("C"&$F33), -1, 0)) -> 170 | M32: =SUMIF(OFFSET(INDIRECT("B"&$F32), 4, 0):INDIRECT("B"&$F33), "*"&$M$2&"*", OFFSET(INDIRECT("C"&$F32), 4, 0):OFFSET(INDIRECT("C"&$F33), -1, 0)) -> 94.8 | N32: =SUMIF(OFFSET(INDIRECT("B"&$F32), 4, 0):INDIRECT("B"&$F33), "*"&$N$2&"*", OFFSET(INDIRECT("C"&$F32), 4, 0):OFFSET(INDIRECT("C"&$F33), -1, 0)) -> 67.15 | O32: =SUMIF(OFFSET(INDIRECT("B"&$F32), 4, 0):INDIRECT("B"&$F33), "*"&$O$2&"*", OFFSET(INDIRECT("C"&$F32), 4, 0):OFFSET(INDIRECT("C"&$F33), -1, 0)) -> 156.8 | P32: =SUMIF(OFFSET(INDIRECT("B"&$F32), 4, 0):INDIRECT("B"&$F33), "*"&$P$2&"*", OFFSET(INDIRECT("C"&$F32), 4, 0):OFFSET(INDIRECT("C"&$F33), -1, 0)) -> 723.8 | Q32: =SUM($I32:$P32) -> 3739.35 | S32: Total | T32: =SUM(T28:T31) -> 18230.06 | W32: FY
A33: =IF(COUNTIF($V$3:$Y$99, $B33)<>0, ROW($B33), 0) -> 0 | B33: Traditional - Bottle 24 x 330ml | C33: 422.4 | D33: 11 | F33: {=INDEX(OFFSET(INDIRECT("A"&F32), 1, 0):OFFSET(OFFSET(INDIRECT("A"&F32), 1, 0), 100, 0),MATCH(TRUE,INDEX(OFFSET(INDIRECT("A"&F32), 1, 0):OFFSET(OFFSET(INDIRECT("A"&F32), 1, 0), 100, 0)<>0,),0))} -> 890 | G33: {=INDIRECT("B"&$F33)} -> SG | H33: {=_xlfn.IFS(COUNTIF($V$3:$V$18, G33)<>0, "S", COUNTIF($W$3:$W$99, G33)<>0, "E", COUNTIF($X$3, G33)<>0, "I", COUNTIF($Y$3:$Y$8, G33)<>0, "W")} -> E | I33: =SUMIF(OFFSET(INDIRECT("B"&$F33), 4, 0):INDIRECT("B"&$F34), "*"&$I$2&"*", OFFSET(INDIRECT("C"&$F33), 4, 0):OFFSET(INDIRECT("C"&$F34), -1, 0)) -> 405.6 | J33: =SUMIF(OFFSET(INDIRECT("B"&$F33), 4, 0):INDIRECT("B"&$F34), "*"&$J$2&"*", OFFSET(INDIRECT("C"&$F33), 4, 0):OFFSET(INDIRECT("C"&$F34), -1, 0)) -> 0 | K33: =SUMIF(OFFSET(INDIRECT("B"&$F33), 4, 0):INDIRECT("B"&$F34), "*"&$K$2&"*", OFFSET(INDIRECT("C"&$F33), 4, 0):OFFSET(INDIRECT("C"&$F34), -1, 0)) -> 0 | L33: =SUMIF(OFFSET(INDIRECT("B"&$F33), 4, 0):INDIRECT("B"&$F34), "*"&$L$2&"*", OFFSET(INDIRECT("C"&$F33), 4, 0):OFFSET(INDIRECT("C"&$F34), -1, 0)) -> 76.8 | M33: =SUMIF(OFFSET(INDIRECT("B"&$F33), 4, 0):INDIRECT("B"&$F34), "*"&$M$2&"*", OFFSET(INDIRECT("C"&$F33), 4, 0):OFFSET(INDIRECT("C"&$F34), -1, 0)) -> 0 | N33: =SUMIF(OFFSET(INDIRECT("B"&$F33), 4, 0):INDIRECT("B"&$F34), "*"&$N$2&"*", OFFSET(INDIRECT("C"&$F33), 4, 0):OFFSET(INDIRECT("C"&$F34), -1, 0)) -> 28.75 | O33: =SUMIF(OFFSET(INDIRECT("B"&$F33), 4, 0):INDIRECT("B"&$F34), "*"&$O$2&"*", OFFSET(INDIRECT("C"&$F33), 4, 0):OFFSET(INDIRECT("C"&$F34), -1, 0)) -> 0 | P33: =SUMIF(OFFSET(INDIRECT("B"&$F33), 4, 0):INDIRECT("B"&$F34), "*"&$P$2&"*", OFFSET(INDIRECT("C"&$F33), 4, 0):OFFSET(INDIRECT("C"&$F34), -1, 0)) -> 452.3 | Q33: =SUM($I33:$P33) -> 963.45 | W33: GL
A34: =IF(COUNTIF($V$3:$Y$99, $B34)<>0, ROW($B34), 0) -> 0 | B34: Cloudy - Bottle 24 x 330ml | C34: 230.4 | D34: 11 | F34: {=INDEX(OFFSET(INDIRECT("A"&F33), 1, 0):OFFSET(OFFSET(INDIRECT("A"&F33), 1, 0), 100, 0),MATCH(TRUE,INDEX(OFFSET(INDIRECT("A"&F33), 1, 0):OFFSET(OFFSET(INDIRECT("A"&F33), 1, 0), 100, 0)<>0,),0))} -> 904 | G34: {=INDIRECT("B"&$F34)} -> ML | H34: {=_xlfn.IFS(COUNTIF($V$3:$V$18, G34)<>0, "S", COUNTIF($W$3:$W$99, G34)<>0, "E", COUNTIF($X$3, G34)<>0, "I", COUNTIF($Y$3:$Y$8, G34)<>0, "W")} -> S | I34: =SUMIF(OFFSET(INDIRECT("B"&$F34), 4, 0):INDIRECT("B"&$F35), "*"&$I$2&"*", OFFSET(INDIRECT("C"&$F34), 4, 0):OFFSET(INDIRECT("C"&$F35), -1, 0)) -> 1373.15 | J34: =SUMIF(OFFSET(INDIRECT("B"&$F34), 4, 0):INDIRECT("B"&$F35), "*"&$J$2&"*", OFFSET(INDIRECT("C"&$F34), 4, 0):OFFSET(INDIRECT("C"&$F35), -1, 0)) -> 64 | K34: =SUMIF(OFFSET(INDIRECT("B"&$F34), 4, 0):INDIRECT("B"&$F35), "*"&$K$2&"*", OFFSET(INDIRECT("C"&$F34), 4, 0):OFFSET(INDIRECT("C"&$F35), -1, 0)) -> 269.95 | L34: =SUMIF(OFFSET(INDIRECT("B"&$F34), 4, 0):INDIRECT("B"&$F35), "*"&$L$2&"*", OFFSET(INDIRECT("C"&$F34), 4, 0):OFFSET(INDIRECT("C"&$F35), -1, 0)) -> 291.15 | M34: =SUMIF(OFFSET(INDIRECT("B"&$F34), 4, 0):INDIRECT("B"&$F35), "*"&$M$2&"*", OFFSET(INDIRECT("C"&$F34), 4, 0):OFFSET(INDIRECT("C"&$F35), -1, 0)) -> 328.8 | N34: =SUMIF(OFFSET(INDIRECT("B"&$F34), 4, 0):INDIRECT("B"&$F35), "*"&$N$2&"*", OFFSET(INDIRECT("C"&$F34), 4, 0):OFFSET(INDIRECT("C"&$F35), -1, 0)) -> 67.15 | O34: =SUMIF(OFFSET(INDIRECT("B"&$F34), 4, 0):INDIRECT("B"&$F35), "*"&$O$2&"*", OFFSET(INDIRECT("C"&$F34), 4, 0):OFFSET(INDIRECT("C"&$F35), -1, 0)) -> 76.8 | P34: =SUMIF(OFFSET(INDIRECT("B"&$F34), 4, 0):INDIRECT("B"&$F35), "*"&$P$2&"*", OFFSET(INDIRECT("C"&$F34), 4, 0):OFFSET(INDIRECT("C"&$F35), -1, 0)) -> 460.6 | Q34: =SUM($I34:$P34) -> 2931.6 | S34: =M2 -> Original | W34: GU
A35: =IF(COUNTIF($V$3:$Y$99, $B35)<>0, ROW($B35), 0) -> 0 | B35: Traditional - Bottle 24 x 500ml | C35: 274 | D35: 5 | F35: {=INDEX(OFFSET(INDIRECT("A"&F34), 1, 0):OFFSET(OFFSET(INDIRECT("A"&F34), 1, 0), 100, 0),MATCH(TRUE,INDEX(OFFSET(INDIRECT("A"&F34), 1, 0):OFFSET(OFFSET(INDIRECT("A"&F34), 1, 0), 100, 0)<>0,),0))} -> 936 | G35: {=INDIRECT("B"&$F35)} -> RG | H35: {=_xlfn.IFS(COUNTIF($V$3:$V$18, G35)<>0, "S", COUNTIF($W$3:$W$99, G35)<>0, "E", COUNTIF($X$3, G35)<>0, "I", COUNTIF($Y$3:$Y$8, G35)<>0, "W")} -> E | I35: =SUMIF(OFFSET(INDIRECT("B"&$F35), 4, 0):INDIRECT("B"&$F36), "*"&$I$2&"*", OFFSET(INDIRECT("C"&$F35), 4, 0):OFFSET(INDIRECT("C"&$F36), -1, 0)) -> 1404.4 | J35: =SUMIF(OFFSET(INDIRECT("B"&$F35), 4, 0):INDIRECT("B"&$F36), "*"&$J$2&"*", OFFSET(INDIRECT("C"&$F35), 4, 0):OFFSET(INDIRECT("C"&$F36), -1, 0)) -> 34.56 | K35: =SUMIF(OFFSET(INDIRECT("B"&$F35), 4, 0):INDIRECT("B"&$F36), "*"&$K$2&"*", OFFSET(INDIRECT("C"&$F35), 4, 0):OFFSET(INDIRECT("C"&$F36), -1, 0)) -> 105.55 | L35: =SUMIF(OFFSET(INDIRECT("B"&$F35), 4, 0):INDIRECT("B"&$F36), "*"&$L$2&"*", OFFSET(INDIRECT("C"&$F35), 4, 0):OFFSET(INDIRECT("C"&$F36), -1, 0)) -> 174.1 | M35: =SUMIF(OFFSET(INDIRECT("B"&$F35), 4, 0):INDIRECT("B"&$F36), "*"&$M$2&"*", OFFSET(INDIRECT("C"&$F35), 4, 0):OFFSET(INDIRECT("C"&$F36), -1, 0)) -> 78.4 | N35: =SUMIF(OFFSET(INDIRECT("B"&$F35), 4, 0):INDIRECT("B"&$F36), "*"&$N$2&"*", OFFSET(INDIRECT("C"&$F35), 4, 0):OFFSET(INDIRECT("C"&$F36), -1, 0)) -> 120.81 | O35: =SUMIF(OFFSET(INDIRECT("B"&$F35), 4, 0):INDIRECT("B"&$F36), "*"&$O$2&"*", OFFSET(INDIRECT("C"&$F35), 4, 0):OFFSET(INDIRECT("C"&$F36), -1, 0)) -> 0 | P35: =SUMIF(OFFSET(INDIRECT("B"&$F35), 4, 0):INDIRECT("B"&$F36), "*"&$P$2&"*", OFFSET(INDIRECT("C"&$F35), 4, 0):OFFSET(INDIRECT("C"&$F36), -1, 0)) -> 464.65 | Q35: =SUM($I35:$P35) -> 2382.47 | S35: Region | T35: Sales | W35: HA
A36: =IF(COUNTIF($V$3:$Y$99, $B36)<>0, ROW($B36), 0) -> 0 | B36: Mix & Match 330ml Bottle Case (24 Bottles) | C36: 614.4 | D36: 16 | F36: {=INDEX(OFFSET(INDIRECT("A"&F35), 1, 0):OFFSET(OFFSET(INDIRECT("A"&F35), 1, 0), 100, 0),MATCH(TRUE,INDEX(OFFSET(INDIRECT("A"&F35), 1, 0):OFFSET(OFFSET(INDIRECT("A"&F35), 1, 0), 100, 0)<>0,),0))} -> 967 | G36: {=INDIRECT("B"&$F36)} -> BH | H36: {=_xlfn.IFS(COUNTIF($V$3:$V$18, G36)<>0, "S", COUNTIF($W$3:$W$99, G36)<>0, "E", COUNTIF($X$3, G36)<>0, "I", COUNTIF($Y$3:$Y$8, G36)<>0, "W")} -> E | I36: =SUMIF(OFFSET(INDIRECT("B"&$F36), 4, 0):INDIRECT("B"&$F37), "*"&$I$2&"*", OFFSET(INDIRECT("C"&$F36), 4, 0):OFFSET(INDIRECT("C"&$F37), -1, 0)) -> 2497.2 | J36: =SUMIF(OFFSET(INDIRECT("B"&$F36), 4, 0):INDIRECT("B"&$F37), "*"&$J$2&"*", OFFSET(INDIRECT("C"&$F36), 4, 0):OFFSET(INDIRECT("C"&$F37), -1, 0)) -> 0 | K36: =SUMIF(OFFSET(INDIRECT("B"&$F36), 4, 0):INDIRECT("B"&$F37), "*"&$K$2&"*", OFFSET(INDIRECT("C"&$F36), 4, 0):OFFSET(INDIRECT("C"&$F37), -1, 0)) -> 0 | L36: =SUMIF(OFFSET(INDIRECT("B"&$F36), 4, 0):INDIRECT("B"&$F37), "*"&$L$2&"*", OFFSET(INDIRECT("C"&$F36), 4, 0):OFFSET(INDIRECT("C"&$F37), -1, 0)) -> 173.2 | M36: =SUMIF(OFFSET(INDIRECT("B"&$F36), 4, 0):INDIRECT("B"&$F37), "*"&$M$2&"*", OFFSET(INDIRECT("C"&$F36), 4, 0):OFFSET(INDIRECT("C"&$F37), -1, 0)) -> 76.8 | N36: =SUMIF(OFFSET(INDIRECT("B"&$F36), 4, 0):INDIRECT("B"&$F37), "*"&$N$2&"*", OFFSET(INDIRECT("C"&$F36), 4, 0):OFFSET(INDIRECT("C"&$F37), -1, 0)) -> 0 | O36: =SUMIF(OFFSET(INDIRECT("B"&$F36), 4, 0):INDIRECT("B"&$F37), "*"&$O$2&"*", OFFSET(INDIRECT("C"&$F36), 4, 0):OFFSET(INDIRECT("C"&$F37), -1, 0)) -> 0 | P36: =SUMIF(OFFSET(INDIRECT("B"&$F36), 4, 0):INDIRECT("B"&$F37), "*"&$P$2&"*", OFFSET(INDIRECT("C"&$F36), 4, 0):OFFSET(INDIRECT("C"&$F37), -1, 0)) -> 253.55 | Q36: =SUM($I36:$P36) -> 3000.75 | S36: England | T36: =SUMIF($H$3:$H$120, "E", $M$3:$M$120) -> 9783.6 | W36: HD
A37: =IF(COUNTIF($V$3:$Y$99, $B37)<>0, ROW($B37), 0) -> 0 | B37: Strawberry - Can | C37: 38.4 | D37: 1 | F37: {=INDEX(OFFSET(INDIRECT("A"&F36), 1, 0):OFFSET(OFFSET(INDIRECT("A"&F36), 1, 0), 100, 0),MATCH(TRUE,INDEX(OFFSET(INDIRECT("A"&F36), 1, 0):OFFSET(OFFSET(INDIRECT("A"&F36), 1, 0), 100, 0)<>0,),0))} -> 988 | G37: {=INDIRECT("B"&$F37)} -> BN | H37: {=_xlfn.IFS(COUNTIF($V$3:$V$18, G37)<>0, "S", COUNTIF($W$3:$W$99, G37)<>0, "E", COUNTIF($X$3, G37)<>0, "I", COUNTIF($Y$3:$Y$8, G37)<>0, "W")} -> E | I37: =SUMIF(OFFSET(INDIRECT("B"&$F37), 4, 0):INDIRECT("B"&$F38), "*"&$I$2&"*", OFFSET(INDIRECT("C"&$F37), 4, 0):OFFSET(INDIRECT("C"&$F38), -1, 0)) -> 1018 | J37: =SUMIF(OFFSET(INDIRECT("B"&$F37), 4, 0):INDIRECT("B"&$F38), "*"&$J$2&"*", OFFSET(INDIRECT("C"&$F37), 4, 0):OFFSET(INDIRECT("C"&$F38), -1, 0)) -> 76.8 | K37: =SUMIF(OFFSET(INDIRECT("B"&$F37), 4, 0):INDIRECT("B"&$F38), "*"&$K$2&"*", OFFSET(INDIRECT("C"&$F37), 4, 0):OFFSET(INDIRECT("C"&$F38), -1, 0)) -> 115.2 | L37: =SUMIF(OFFSET(INDIRECT("B"&$F37), 4, 0):INDIRECT("B"&$F38), "*"&$L$2&"*", OFFSET(INDIRECT("C"&$F37), 4, 0):OFFSET(INDIRECT("C"&$F38), -1, 0)) -> 0 | M37: =SUMIF(OFFSET(INDIRECT("B"&$F37), 4, 0):INDIRECT("B"&$F38), "*"&$M$2&"*", OFFSET(INDIRECT("C"&$F37), 4, 0):OFFSET(INDIRECT("C"&$F38), -1, 0)) -> 54.8 | N37: =SUMIF(OFFSET(INDIRECT("B"&$F37), 4, 0):INDIRECT("B"&$F38), "*"&$N$2&"*", OFFSET(INDIRECT("C"&$F37), 4, 0):OFFSET(INDIRECT("C"&$F38), -1, 0)) -> 28.75 | O37: =SUMIF(OFFSET(INDIRECT("B"&$F37), 4, 0):INDIRECT("B"&$F38), "*"&$O$2&"*", OFFSET(INDIRECT("C"&$F37), 4, 0):OFFSET(INDIRECT("C"&$F38), -1, 0)) -> 0 | P37: =SUMIF(OFFSET(INDIRECT("B"&$F37), 4, 0):INDIRECT("B"&$F38), "*"&$P$2&"*", OFFSET(INDIRECT("C"&$F37), 4, 0):OFFSET(INDIRECT("C"&$F38), -1, 0)) -> 153.6 | Q37: =SUM($I37:$P37) -> 1447.15 | S37: Scotland | T37: =SUMIF($H$3:$H$120, "S", $M$3:$M$120) -> 9394.8 | W37: HG
A38: =IF(COUNTIF($V$3:$Y$99, $B38)<>0, ROW($B38), 0) -> 0 | B38: Original - Bottle 24 x 500ml | C38: 219.2 | D38: 4 | F38: {=INDEX(OFFSET(INDIRECT("A"&F37), 1, 0):OFFSET(OFFSET(INDIRECT("A"&F37), 1, 0), 100, 0),MATCH(TRUE,INDEX(OFFSET(INDIRECT("A"&F37), 1, 0):OFFSET(OFFSET(INDIRECT("A"&F37), 1, 0), 100, 0)<>0,),0))} -> 1009 | G38: {=INDIRECT("B"&$F38)} -> GL | H38: {=_xlfn.IFS(COUNTIF($V$3:$V$18, G38)<>0, "S", COUNTIF($W$3:$W$99, G38)<>0, "E", COUNTIF($X$3, G38)<>0, "I", COUNTIF($Y$3:$Y$8, G38)<>0, "W")} -> E | I38: =SUMIF(OFFSET(INDIRECT("B"&$F38), 4, 0):INDIRECT("B"&$F39), "*"&$I$2&"*", OFFSET(INDIRECT("C"&$F38), 4, 0):OFFSET(INDIRECT("C"&$F39), -1, 0)) -> 904 | J38: =SUMIF(OFFSET(INDIRECT("B"&$F38), 4, 0):INDIRECT("B"&$F39), "*"&$J$2&"*", OFFSET(INDIRECT("C"&$F38), 4, 0):OFFSET(INDIRECT("C"&$F39), -1, 0)) -> 0 | K38: =SUMIF(OFFSET(INDIRECT("B"&$F38), 4, 0):INDIRECT("B"&$F39), "*"&$K$2&"*", OFFSET(INDIRECT("C"&$F38), 4, 0):OFFSET(INDIRECT("C"&$F39), -1, 0)) -> 0 | L38: =SUMIF(OFFSET(INDIRECT("B"&$F38), 4, 0):INDIRECT("B"&$F39), "*"&$L$2&"*", OFFSET(INDIRECT("C"&$F38), 4, 0):OFFSET(INDIRECT("C"&$F39), -1, 0)) -> 119.3 | M38: =SUMIF(OFFSET(INDIRECT("B"&$F38), 4, 0):INDIRECT("B"&$F39), "*"&$M$2&"*", OFFSET(INDIRECT("C"&$F38), 4, 0):OFFSET(INDIRECT("C"&$F39), -1, 0)) -> 0 | N38: =SUMIF(OFFSET(INDIRECT("B"&$F38), 4, 0):INDIRECT("B"&$F39), "*"&$N$2&"*", OFFSET(INDIRECT("C"&$F38), 4, 0):OFFSET(INDIRECT("C"&$F39), -1, 0)) -> 76.8 | O38: =SUMIF(OFFSET(INDIRECT("B"&$F38), 4, 0):INDIRECT("B"&$F39), "*"&$O$2&"*", OFFSET(INDIRECT("C"&$F38), 4, 0):OFFSET(INDIRECT("C"&$F39), -1, 0)) -> 76.8 | P38: =SUMIF(OFFSET(INDIRECT("B"&$F38), 4, 0):INDIRECT("B"&$F39), "*"&$P$2&"*", OFFSET(INDIRECT("C"&$F38), 4, 0):OFFSET(INDIRECT("C"&$F39), -1, 0)) -> 429.15 | Q38: =SUM($I38:$P38) -> 1606.05 | S38: N.Ireland | T38: =SUMIF($H$3:$H$120, "I", $M$3:$M$120) -> 94.8 | W38: HP
A39: =IF(COUNTIF($V$3:$Y$99, $B39)<>0, ROW($B39), 0) -> 0 | B39: Paolozzi Lager | C39: 38.4 | D39: 1 | F39: {=INDEX(OFFSET(INDIRECT("A"&F38), 1, 0):OFFSET(OFFSET(INDIRECT("A"&F38), 1, 0), 100, 0),MATCH(TRUE,INDEX(OFFSET(INDIRECT("A"&F38), 1, 0):OFFSET(OFFSET(INDIRECT("A"&F38), 1, 0), 100, 0)<>0,),0))} -> 1028 | G39: {=INDIRECT("B"&$F39)} -> SK | H39: {=_xlfn.IFS(COUNTIF($V$3:$V$18, G39)<>0, "S", COUNTIF($W$3:$W$99, G39)<>0, "E", COUNTIF($X$3, G39)<>0, "I", COUNTIF($Y$3:$Y$8, G39)<>0, "W")} -> E | I39: =SUMIF(OFFSET(INDIRECT("B"&$F39), 4, 0):INDIRECT("B"&$F40), "*"&$I$2&"*", OFFSET(INDIRECT("C"&$F39), 4, 0):OFFSET(INDIRECT("C"&$F40), -1, 0)) -> 2625.15 | J39: =SUMIF(OFFSET(INDIRECT("B"&$F39), 4, 0):INDIRECT("B"&$F40), "*"&$J$2&"*", OFFSET(INDIRECT("C"&$F39), 4, 0):OFFSET(INDIRECT("C"&$F40), -1, 0)) -> 72.96 | K39: =SUMIF(OFFSET(INDIRECT("B"&$F39), 4, 0):INDIRECT("B"&$F40), "*"&$K$2&"*", OFFSET(INDIRECT("C"&$F39), 4, 0):OFFSET(INDIRECT("C"&$F40), -1, 0)) -> 76.8 | L39: =SUMIF(OFFSET(INDIRECT("B"&$F39), 4, 0):INDIRECT("B"&$F40), "*"&$L$2&"*", OFFSET(INDIRECT("C"&$F39), 4, 0):OFFSET(INDIRECT("C"&$F40), -1, 0)) -> 278.85 | M39: =SUMIF(OFFSET(INDIRECT("B"&$F39), 4, 0):INDIRECT("B"&$F40), "*"&$M$2&"*", OFFSET(INDIRECT("C"&$F39), 4, 0):OFFSET(INDIRECT("C"&$F40), -1, 0)) -> 208.4 | N39: =SUMIF(OFFSET(INDIRECT("B"&$F39), 4, 0):INDIRECT("B"&$F40), "*"&$N$2&"*", OFFSET(INDIRECT("C"&$F39), 4, 0):OFFSET(INDIRECT("C"&$F40), -1, 0)) -> 34.56 | O39: =SUMIF(OFFSET(INDIRECT("B"&$F39), 4, 0):INDIRECT("B"&$F40), "*"&$O$2&"*", OFFSET(INDIRECT("C"&$F39), 4, 0):OFFSET(INDIRECT("C"&$F40), -1, 0)) -> 0 | P39: =SUMIF(OFFSET(INDIRECT("B"&$F39), 4, 0):INDIRECT("B"&$F40), "*"&$P$2&"*", OFFSET(INDIRECT("C"&$F39), 4, 0):OFFSET(INDIRECT("C"&$F40), -1, 0)) -> 500.8 | Q39: =SUM($I39:$P39) -> 3797.52 | S39: Wales | T39: =SUMIF($H$3:$H$120, "W", $M$3:$M$120) -> 195.2 | W39: HR
A40: =IF(COUNTIF($V$3:$Y$99, $B40)<>0, ROW($B40), 0) -> 0 | B40: Elderflower 0.5% 8 x 500ml | C40: 47.97 | D40: 3 | F40: {=INDEX(OFFSET(INDIRECT("A"&F39), 1, 0):OFFSET(OFFSET(INDIRECT("A"&F39), 1, 0), 100, 0),MATCH(TRUE,INDEX(OFFSET(INDIRECT("A"&F39), 1, 0):OFFSET(OFFSET(INDIRECT("A"&F39), 1, 0), 100, 0)<>0,),0))} -> 1057 | G40: {=INDIRECT("B"&$F40)} -> UB | H40: {=_xlfn.IFS(COUNTIF($V$3:$V$18, G40)<>0, "S", COUNTIF($W$3:$W$99, G40)<>0, "E", COUNTIF($X$3, G40)<>0, "I", COUNTIF($Y$3:$Y$8, G40)<>0, "W")} -> E | I40: =SUMIF(OFFSET(INDIRECT("B"&$F40), 4, 0):INDIRECT("B"&$F41), "*"&$I$2&"*", OFFSET(INDIRECT("C"&$F40), 4, 0):OFFSET(INDIRECT("C"&$F41), -1, 0)) -> 442.4 | J40: =SUMIF(OFFSET(INDIRECT("B"&$F40), 4, 0):INDIRECT("B"&$F41), "*"&$J$2&"*", OFFSET(INDIRECT("C"&$F40), 4, 0):OFFSET(INDIRECT("C"&$F41), -1, 0)) -> 0 | K40: =SUMIF(OFFSET(INDIRECT("B"&$F40), 4, 0):INDIRECT("B"&$F41), "*"&$K$2&"*", OFFSET(INDIRECT("C"&$F40), 4, 0):OFFSET(INDIRECT("C"&$F41), -1, 0)) -> 0 | L40: =SUMIF(OFFSET(INDIRECT("B"&$F40), 4, 0):INDIRECT("B"&$F41), "*"&$L$2&"*", OFFSET(INDIRECT("C"&$F40), 4, 0):OFFSET(INDIRECT("C"&$F41), -1, 0)) -> 0 | M40: =SUMIF(OFFSET(INDIRECT("B"&$F40), 4, 0):INDIRECT("B"&$F41), "*"&$M$2&"*", OFFSET(INDIRECT("C"&$F40), 4, 0):OFFSET(INDIRECT("C"&$F41), -1, 0)) -> 0 | N40: =SUMIF(OFFSET(INDIRECT("B"&$F40), 4, 0):INDIRECT("B"&$F41), "*"&$N$2&"*", OFFSET(INDIRECT("C"&$F40), 4, 0):OFFSET(INDIRECT("C"&$F41), -1, 0)) -> 0 | O40: =SUMIF(OFFSET(INDIRECT("B"&$F40), 4, 0):INDIRECT("B"&$F41), "*"&$O$2&"*", OFFSET(INDIRECT("C"&$F40), 4, 0):OFFSET(INDIRECT("C"&$F41), -1, 0)) -> 0 | P40: =SUMIF(OFFSET(INDIRECT("B"&$F40), 4, 0):INDIRECT("B"&$F41), "*"&$P$2&"*", OFFSET(INDIRECT("C"&$F40), 4, 0):OFFSET(INDIRECT("C"&$F41), -1, 0)) -> 83.55 | Q40: =SUM($I40:$P40) -> 525.95 | S40: Total | T40: =SUM(T36:T39) -> 19468.4 | W40: HU
A41: =IF(COUNTIF($V$3:$Y$99, $B41)<>0, ROW($B41), 0) -> 0 | B41: Strawberry + Scottish Fruits 330ml Cans 24x330ml cans | C41: 69.12 | D41: 2 | F41: {=INDEX(OFFSET(INDIRECT("A"&F40), 1, 0):OFFSET(OFFSET(INDIRECT("A"&F40), 1, 0), 100, 0),MATCH(TRUE,INDEX(OFFSET(INDIRECT("A"&F40), 1, 0):OFFSET(OFFSET(INDIRECT("A"&F40), 1, 0), 100, 0)<>0,),0))} -> 1067 | G41: {=INDIRECT("B"&$F41)} -> LA | H41: {=_xlfn.IFS(COUNTIF($V$3:$V$18, G41)<>0, "S", COUNTIF($W$3:$W$99, G41)<>0, "E", COUNTIF($X$3, G41)<>0, "I", COUNTIF($Y$3:$Y$8, G41)<>0, "W")} -> E | I41: =SUMIF(OFFSET(INDIRECT("B"&$F41), 4, 0):INDIRECT("B"&$F42), "*"&$I$2&"*", OFFSET(INDIRECT("C"&$F41), 4, 0):OFFSET(INDIRECT("C"&$F42), -1, 0)) -> 650.8 | J41: =SUMIF(OFFSET(INDIRECT("B"&$F41), 4, 0):INDIRECT("B"&$F42), "*"&$J$2&"*", OFFSET(INDIRECT("C"&$F41), 4, 0):OFFSET(INDIRECT("C"&$F42), -1, 0)) -> 0 | K41: =SUMIF(OFFSET(INDIRECT("B"&$F41), 4, 0):INDIRECT("B"&$F42), "*"&$K$2&"*", OFFSET(INDIRECT("C"&$F41), 4, 0):OFFSET(INDIRECT("C"&$F42), -1, 0)) -> 76.8 | L41: =SUMIF(OFFSET(INDIRECT("B"&$F41), 4, 0):INDIRECT("B"&$F42), "*"&$L$2&"*", OFFSET(INDIRECT("C"&$F41), 4, 0):OFFSET(INDIRECT("C"&$F42), -1, 0)) -> 54.8 | M41: =SUMIF(OFFSET(INDIRECT("B"&$F41), 4, 0):INDIRECT("B"&$F42), "*"&$M$2&"*", OFFSET(INDIRECT("C"&$F41), 4, 0):OFFSET(INDIRECT("C"&$F42), -1, 0)) -> 170 | N41: =SUMIF(OFFSET(INDIRECT("B"&$F41), 4, 0):INDIRECT("B"&$F42), "*"&$N$2&"*", OFFSET(INDIRECT("C"&$F41), 4, 0):OFFSET(INDIRECT("C"&$F42), -1, 0)) -> 38.4 | O41: =SUMIF(OFFSET(INDIRECT("B"&$F41), 4, 0):INDIRECT("B"&$F42), "*"&$O$2&"*", OFFSET(INDIRECT("C"&$F41), 4, 0):OFFSET(INDIRECT("C"&$F42), -1, 0)) -> 0 | P41: =SUMIF(OFFSET(INDIRECT("B"&$F41), 4, 0):INDIRECT("B"&$F42), "*"&$P$2&"*", OFFSET(INDIRECT("C"&$F41), 4, 0):OFFSET(INDIRECT("C"&$F42), -1, 0)) -> 207.95 | Q41: =SUM($I41:$P41) -> 1198.75 | W41: HX
A42: =IF(COUNTIF($V$3:$Y$99, $B42)<>0, ROW($B42), 0) -> 0 | B42: Whisky Cask - Bottle 24 x 500ml | C42: 164.4 | D42: 3 | F42: {=INDEX(OFFSET(INDIRECT("A"&F41), 1, 0):OFFSET(OFFSET(INDIRECT("A"&F41), 1, 0), 100, 0),MATCH(TRUE,INDEX(OFFSET(INDIRECT("A"&F41), 1, 0):OFFSET(OFFSET(INDIRECT("A"&F41), 1, 0), 100, 0)<>0,),0))} -> 1090 | G42: {=INDIRECT("B"&$F42)} -> SR | H42: {=_xlfn.IFS(COUNTIF($V$3:$V$18, G42)<>0, "S", COUNTIF($W$3:$W$99, G42)<>0, "E", COUNTIF($X$3, G42)<>0, "I", COUNTIF($Y$3:$Y$8, G42)<>0, "W")} -> E | I42: =SUMIF(OFFSET(INDIRECT("B"&$F42), 4, 0):INDIRECT("B"&$F43), "*"&$I$2&"*", OFFSET(INDIRECT("C"&$F42), 4, 0):OFFSET(INDIRECT("C"&$F43), -1, 0)) -> 291.2 | J42: =SUMIF(OFFSET(INDIRECT("B"&$F42), 4, 0):INDIRECT("B"&$F43), "*"&$J$2&"*", OFFSET(INDIRECT("C"&$F42), 4, 0):OFFSET(INDIRECT("C"&$F43), -1, 0)) -> 0 | K42: =SUMIF(OFFSET(INDIRECT("B"&$F42), 4, 0):INDIRECT("B"&$F43), "*"&$K$2&"*", OFFSET(INDIRECT("C"&$F42), 4, 0):OFFSET(INDIRECT("C"&$F43), -1, 0)) -> 0 | L42: =SUMIF(OFFSET(INDIRECT("B"&$F42), 4, 0):INDIRECT("B"&$F43), "*"&$L$2&"*", OFFSET(INDIRECT("C"&$F42), 4, 0):OFFSET(INDIRECT("C"&$F43), -1, 0)) -> 109.19 | M42: =SUMIF(OFFSET(INDIRECT("B"&$F42), 4, 0):INDIRECT("B"&$F43), "*"&$M$2&"*", OFFSET(INDIRECT("C"&$F42), 4, 0):OFFSET(INDIRECT("C"&$F43), -1, 0)) -> 40 | N42: =SUMIF(OFFSET(INDIRECT("B"&$F42), 4, 0):INDIRECT("B"&$F43), "*"&$N$2&"*", OFFSET(INDIRECT("C"&$F42), 4, 0):OFFSET(INDIRECT("C"&$F43), -1, 0)) -> 28.75 | O42: =SUMIF(OFFSET(INDIRECT("B"&$F42), 4, 0):INDIRECT("B"&$F43), "*"&$O$2&"*", OFFSET(INDIRECT("C"&$F42), 4, 0):OFFSET(INDIRECT("C"&$F43), -1, 0)) -> 0 | P42: =SUMIF(OFFSET(INDIRECT("B"&$F42), 4, 0):INDIRECT("B"&$F43), "*"&$P$2&"*", OFFSET(INDIRECT("C"&$F42), 4, 0):OFFSET(INDIRECT("C"&$F43), -1, 0)) -> 0 | Q42: =SUM($I42:$P42) -> 469.14 | S42: =N2 -> Scottish Fruits | W42: IG
A43: =IF(COUNTIF($V$3:$Y$99, $B43)<>0, ROW($B43), 0) -> 0 | B43: Original - Bottle 24 x 330ml | C43: 153.6 | D43: 4 | F43: {=INDEX(OFFSET(INDIRECT("A"&F42), 1, 0):OFFSET(OFFSET(INDIRECT("A"&F42), 1, 0), 100, 0),MATCH(TRUE,INDEX(OFFSET(INDIRECT("A"&F42), 1, 0):OFFSET(OFFSET(INDIRECT("A"&F42), 1, 0), 100, 0)<>0,),0))} -> 1110 | G43: {=INDIRECT("B"&$F43)} -> BD | H43: {=_xlfn.IFS(COUNTIF($V$3:$V$18, G43)<>0, "S", COUNTIF($W$3:$W$99, G43)<>0, "E", COUNTIF($X$3, G43)<>0, "I", COUNTIF($Y$3:$Y$8, G43)<>0, "W")} -> E | I43: =SUMIF(OFFSET(INDIRECT("B"&$F43), 4, 0):INDIRECT("B"&$F44), "*"&$I$2&"*", OFFSET(INDIRECT("C"&$F43), 4, 0):OFFSET(INDIRECT("C"&$F44), -1, 0)) -> 530.4 | J43: =SUMIF(OFFSET(INDIRECT("B"&$F43), 4, 0):INDIRECT("B"&$F44), "*"&$J$2&"*", OFFSET(INDIRECT("C"&$F43), 4, 0):OFFSET(INDIRECT("C"&$F44), -1, 0)) -> 144.16 | K43: =SUMIF(OFFSET(INDIRECT("B"&$F43), 4, 0):INDIRECT("B"&$F44), "*"&$K$2&"*", OFFSET(INDIRECT("C"&$F43), 4, 0):OFFSET(INDIRECT("C"&$F44), -1, 0)) -> 54.8 | L43: =SUMIF(OFFSET(INDIRECT("B"&$F43), 4, 0):INDIRECT("B"&$F44), "*"&$L$2&"*", OFFSET(INDIRECT("C"&$F43), 4, 0):OFFSET(INDIRECT("C"&$F44), -1, 0)) -> 0 | M43: =SUMIF(OFFSET(INDIRECT("B"&$F43), 4, 0):INDIRECT("B"&$F44), "*"&$M$2&"*", OFFSET(INDIRECT("C"&$F43), 4, 0):OFFSET(INDIRECT("C"&$F44), -1, 0)) -> 131.6 | N43: =SUMIF(OFFSET(INDIRECT("B"&$F43), 4, 0):INDIRECT("B"&$F44), "*"&$N$2&"*", OFFSET(INDIRECT("C"&$F43), 4, 0):OFFSET(INDIRECT("C"&$F44), -1, 0)) -> 120.81 | O43: =SUMIF(OFFSET(INDIRECT("B"&$F43), 4, 0):INDIRECT("B"&$F44), "*"&$O$2&"*", OFFSET(INDIRECT("C"&$F43), 4, 0):OFFSET(INDIRECT("C"&$F44), -1, 0)) -> 0 | P43: =SUMIF(OFFSET(INDIRECT("B"&$F43), 4, 0):INDIRECT("B"&$F44), "*"&$P$2&"*", OFFSET(INDIRECT("C"&$F43), 4, 0):OFFSET(INDIRECT("C"&$F44), -1, 0)) -> 249.5 | Q43: =SUM($I43:$P43) -> 1231.27 | S43: Region | T43: Sales | W43: IP
A44: =IF(COUNTIF($V$3:$Y$99, $B44)<>0, ROW($B44), 0) -> 0 | B44: Whisky Cask - Can 24 x 330ml | C44: 38.4 | D44: 1 | F44: {=INDEX(OFFSET(INDIRECT("A"&F43), 1, 0):OFFSET(OFFSET(INDIRECT("A"&F43), 1, 0), 100, 0),MATCH(TRUE,INDEX(OFFSET(INDIRECT("A"&F43), 1, 0):OFFSET(OFFSET(INDIRECT("A"&F43), 1, 0), 100, 0)<>0,),0))} -> 1133 | G44: {=INDIRECT("B"&$F44)} -> PR | H44: {=_xlfn.IFS(COUNTIF($V$3:$V$18, G44)<>0, "S", COUNTIF($W$3:$W$99, G44)<>0, "E", COUNTIF($X$3, G44)<>0, "I", COUNTIF($Y$3:$Y$8, G44)<>0, "W")} -> E | I44: =SUMIF(OFFSET(INDIRECT("B"&$F44), 4, 0):INDIRECT("B"&$F45), "*"&$I$2&"*", OFFSET(INDIRECT("C"&$F44), 4, 0):OFFSET(INDIRECT("C"&$F45), -1, 0)) -> 495.55 | J44: =SUMIF(OFFSET(INDIRECT("B"&$F44), 4, 0):INDIRECT("B"&$F45), "*"&$J$2&"*", OFFSET(INDIRECT("C"&$F44), 4, 0):OFFSET(INDIRECT("C"&$F45), -1, 0)) -> 76.8 | K44: =SUMIF(OFFSET(INDIRECT("B"&$F44), 4, 0):INDIRECT("B"&$F45), "*"&$K$2&"*", OFFSET(INDIRECT("C"&$F44), 4, 0):OFFSET(INDIRECT("C"&$F45), -1, 0)) -> 83.55 | L44: =SUMIF(OFFSET(INDIRECT("B"&$F44), 4, 0):INDIRECT("B"&$F45), "*"&$L$2&"*", OFFSET(INDIRECT("C"&$F44), 4, 0):OFFSET(INDIRECT("C"&$F45), -1, 0)) -> 213.94 | M44: =SUMIF(OFFSET(INDIRECT("B"&$F44), 4, 0):INDIRECT("B"&$F45), "*"&$M$2&"*", OFFSET(INDIRECT("C"&$F44), 4, 0):OFFSET(INDIRECT("C"&$F45), -1, 0)) -> 164.4 | N44: =SUMIF(OFFSET(INDIRECT("B"&$F44), 4, 0):INDIRECT("B"&$F45), "*"&$N$2&"*", OFFSET(INDIRECT("C"&$F44), 4, 0):OFFSET(INDIRECT("C"&$F45), -1, 0)) -> 57.5 | O44: =SUMIF(OFFSET(INDIRECT("B"&$F44), 4, 0):INDIRECT("B"&$F45), "*"&$O$2&"*", OFFSET(INDIRECT("C"&$F44), 4, 0):OFFSET(INDIRECT("C"&$F45), -1, 0)) -> 0 | P44: =SUMIF(OFFSET(INDIRECT("B"&$F44), 4, 0):INDIRECT("B"&$F45), "*"&$P$2&"*", OFFSET(INDIRECT("C"&$F44), 4, 0):OFFSET(INDIRECT("C"&$F45), -1, 0)) -> 563.5 | Q44: =SUM($I44:$P44) -> 1655.24 | S44: England | T44: =SUMIF($H$3:$H$120, "E", $N$3:$N$120) -> 3833.6 | W44: KT
A45: =IF(COUNTIF($V$3:$Y$99, $B45)<>0, ROW($B45), 0) -> 0 | B45: Mix & Match Ciderboxes (2x5L) | C45: 80 | D45: 2 | F45: {=INDEX(OFFSET(INDIRECT("A"&F44), 1, 0):OFFSET(OFFSET(INDIRECT("A"&F44), 1, 0), 100, 0),MATCH(TRUE,INDEX(OFFSET(INDIRECT("A"&F44), 1, 0):OFFSET(OFFSET(INDIRECT("A"&F44), 1, 0), 100, 0)<>0,),0))} -> 1160 | G45: {=INDIRECT("B"&$F45)} -> WS | H45: {=_xlfn.IFS(COUNTIF($V$3:$V$18, G45)<>0, "S", COUNTIF($W$3:$W$99, G45)<>0, "E", COUNTIF($X$3, G45)<>0, "I", COUNTIF($Y$3:$Y$8, G45)<>0, "W")} -> E | I45: =SUMIF(OFFSET(INDIRECT("B"&$F45), 4, 0):INDIRECT("B"&$F46), "*"&$I$2&"*", OFFSET(INDIRECT("C"&$F45), 4, 0):OFFSET(INDIRECT("C"&$F46), -1, 0)) -> 474.4 | J45: =SUMIF(OFFSET(INDIRECT("B"&$F45), 4, 0):INDIRECT("B"&$F46), "*"&$J$2&"*", OFFSET(INDIRECT("C"&$F45), 4, 0):OFFSET(INDIRECT("C"&$F46), -1, 0)) -> 0 | K45: =SUMIF(OFFSET(INDIRECT("B"&$F45), 4, 0):INDIRECT("B"&$F46), "*"&$K$2&"*", OFFSET(INDIRECT("C"&$F45), 4, 0):OFFSET(INDIRECT("C"&$F46), -1, 0)) -> 28.75 | L45: =SUMIF(OFFSET(INDIRECT("B"&$F45), 4, 0):INDIRECT("B"&$F46), "*"&$L$2&"*", OFFSET(INDIRECT("C"&$F45), 4, 0):OFFSET(INDIRECT("C"&$F46), -1, 0)) -> 92.79 | M45: =SUMIF(OFFSET(INDIRECT("B"&$F45), 4, 0):INDIRECT("B"&$F46), "*"&$M$2&"*", OFFSET(INDIRECT("C"&$F45), 4, 0):OFFSET(INDIRECT("C"&$F46), -1, 0)) -> 38.4 | N45: =SUMIF(OFFSET(INDIRECT("B"&$F45), 4, 0):INDIRECT("B"&$F46), "*"&$N$2&"*", OFFSET(INDIRECT("C"&$F45), 4, 0):OFFSET(INDIRECT("C"&$F46), -1, 0)) -> 0 | O45: =SUMIF(OFFSET(INDIRECT("B"&$F45), 4, 0):INDIRECT("B"&$F46), "*"&$O$2&"*", OFFSET(INDIRECT("C"&$F45), 4, 0):OFFSET(INDIRECT("C"&$F46), -1, 0)) -> 0 | P45: =SUMIF(OFFSET(INDIRECT("B"&$F45), 4, 0):INDIRECT("B"&$F46), "*"&$P$2&"*", OFFSET(INDIRECT("C"&$F45), 4, 0):OFFSET(INDIRECT("C"&$F46), -1, 0)) -> 172.7 | Q45: =SUM($I45:$P45) -> 807.04 | S45: Scotland | T45: =SUMIF($H$3:$H$120, "S", $N$3:$N$120) -> 4363.82 | W45: L
A46: =IF(COUNTIF($V$3:$Y$99, $B46)<>0, ROW($B46), 0) -> 0 | B46: Strawberry - 20L Ciderbox 20L Ciderbox | C46: 64 | D46: 1 | F46: {=INDEX(OFFSET(INDIRECT("A"&F45), 1, 0):OFFSET(OFFSET(INDIRECT("A"&F45), 1, 0), 100, 0),MATCH(TRUE,INDEX(OFFSET(INDIRECT("A"&F45), 1, 0):OFFSET(OFFSET(INDIRECT("A"&F45), 1, 0), 100, 0)<>0,),0))} -> 1180 | G46: {=INDIRECT("B"&$F46)} -> DN | H46: {=_xlfn.IFS(COUNTIF($V$3:$V$18, G46)<>0, "S", COUNTIF($W$3:$W$99, G46)<>0, "E", COUNTIF($X$3, G46)<>0, "I", COUNTIF($Y$3:$Y$8, G46)<>0, "W")} -> E | I46: =SUMIF(OFFSET(INDIRECT("B"&$F46), 4, 0):INDIRECT("B"&$F47), "*"&$I$2&"*", OFFSET(INDIRECT("C"&$F46), 4, 0):OFFSET(INDIRECT("C"&$F47), -1, 0)) -> 1214.4 | J46: =SUMIF(OFFSET(INDIRECT("B"&$F46), 4, 0):INDIRECT("B"&$F47), "*"&$J$2&"*", OFFSET(INDIRECT("C"&$F46), 4, 0):OFFSET(INDIRECT("C"&$F47), -1, 0)) -> 72.96 | K46: =SUMIF(OFFSET(INDIRECT("B"&$F46), 4, 0):INDIRECT("B"&$F47), "*"&$K$2&"*", OFFSET(INDIRECT("C"&$F46), 4, 0):OFFSET(INDIRECT("C"&$F47), -1, 0)) -> 54.8 | L46: =SUMIF(OFFSET(INDIRECT("B"&$F46), 4, 0):INDIRECT("B"&$F47), "*"&$L$2&"*", OFFSET(INDIRECT("C"&$F46), 4, 0):OFFSET(INDIRECT("C"&$F47), -1, 0)) -> 55.99 | M46: =SUMIF(OFFSET(INDIRECT("B"&$F46), 4, 0):INDIRECT("B"&$F47), "*"&$M$2&"*", OFFSET(INDIRECT("C"&$F46), 4, 0):OFFSET(INDIRECT("C"&$F47), -1, 0)) -> 0 | N46: =SUMIF(OFFSET(INDIRECT("B"&$F46), 4, 0):INDIRECT("B"&$F47), "*"&$N$2&"*", OFFSET(INDIRECT("C"&$F46), 4, 0):OFFSET(INDIRECT("C"&$F47), -1, 0)) -> 101.71 | O46: =SUMIF(OFFSET(INDIRECT("B"&$F46), 4, 0):INDIRECT("B"&$F47), "*"&$O$2&"*", OFFSET(INDIRECT("C"&$F46), 4, 0):OFFSET(INDIRECT("C"&$F47), -1, 0)) -> 0 | P46: =SUMIF(OFFSET(INDIRECT("B"&$F46), 4, 0):INDIRECT("B"&$F47), "*"&$P$2&"*", OFFSET(INDIRECT("C"&$F46), 4, 0):OFFSET(INDIRECT("C"&$F47), -1, 0)) -> 143.95 | Q46: =SUM($I46:$P46) -> 1643.81 | S46: N.Ireland | T46: =SUMIF($H$3:$H$120, "I", $N$3:$N$120) -> 28.75 | W46: LA
A47: =IF(COUNTIF($V$3:$Y$99, $B47)<>0, ROW($B47), 0) -> 0 | B47: Scottish Fruits 24 x 330ml | C47: 38.4 | D47: 2 | F47: {=INDEX(OFFSET(INDIRECT("A"&F46), 1, 0):OFFSET(OFFSET(INDIRECT("A"&F46), 1, 0), 100, 0),MATCH(TRUE,INDEX(OFFSET(INDIRECT("A"&F46), 1, 0):OFFSET(OFFSET(INDIRECT("A"&F46), 1, 0), 100, 0)<>0,),0))} -> 1205 | G47: {=INDIRECT("B"&$F47)} -> DH | H47: {=_xlfn.IFS(COUNTIF($V$3:$V$18, G47)<>0, "S", COUNTIF($W$3:$W$99, G47)<>0, "E", COUNTIF($X$3, G47)<>0, "I", COUNTIF($Y$3:$Y$8, G47)<>0, "W")} -> E | I47: =SUMIF(OFFSET(INDIRECT("B"&$F47), 4, 0):INDIRECT("B"&$F48), "*"&$I$2&"*", OFFSET(INDIRECT("C"&$F47), 4, 0):OFFSET(INDIRECT("C"&$F48), -1, 0)) -> 543.6 | J47: =SUMIF(OFFSET(INDIRECT("B"&$F47), 4, 0):INDIRECT("B"&$F48), "*"&$J$2&"*", OFFSET(INDIRECT("C"&$F47), 4, 0):OFFSET(INDIRECT("C"&$F48), -1, 0)) -> 170 | K47: =SUMIF(OFFSET(INDIRECT("B"&$F47), 4, 0):INDIRECT("B"&$F48), "*"&$K$2&"*", OFFSET(INDIRECT("C"&$F47), 4, 0):OFFSET(INDIRECT("C"&$F48), -1, 0)) -> 0 | L47: =SUMIF(OFFSET(INDIRECT("B"&$F47), 4, 0):INDIRECT("B"&$F48), "*"&$L$2&"*", OFFSET(INDIRECT("C"&$F47), 4, 0):OFFSET(INDIRECT("C"&$F48), -1, 0)) -> 0 | M47: =SUMIF(OFFSET(INDIRECT("B"&$F47), 4, 0):INDIRECT("B"&$F48), "*"&$M$2&"*", OFFSET(INDIRECT("C"&$F47), 4, 0):OFFSET(INDIRECT("C"&$F48), -1, 0)) -> 221.2 | N47: =SUMIF(OFFSET(INDIRECT("B"&$F47), 4, 0):INDIRECT("B"&$F48), "*"&$N$2&"*", OFFSET(INDIRECT("C"&$F47), 4, 0):OFFSET(INDIRECT("C"&$F48), -1, 0)) -> 57.5 | O47: =SUMIF(OFFSET(INDIRECT("B"&$F47), 4, 0):INDIRECT("B"&$F48), "*"&$O$2&"*", OFFSET(INDIRECT("C"&$F47), 4, 0):OFFSET(INDIRECT("C"&$F48), -1, 0)) -> 0 | P47: =SUMIF(OFFSET(INDIRECT("B"&$F47), 4, 0):INDIRECT("B"&$F48), "*"&$P$2&"*", OFFSET(INDIRECT("C"&$F47), 4, 0):OFFSET(INDIRECT("C"&$F48), -1, 0)) -> 345.6 | Q47: =SUM($I47:$P47) -> 1337.9 | S47: Wales | T47: =SUMIF($H$3:$H$120, "W", $N$3:$N$120) -> 95.9 | W47: LE
A48: =IF(COUNTIF($V$3:$Y$99, $B48)<>0, ROW($B48), 0) -> 0 | B48: Scottish Fruits - Bottle | C48: 38.4 | D48: 1 | F48: {=INDEX(OFFSET(INDIRECT("A"&F47), 1, 0):OFFSET(OFFSET(INDIRECT("A"&F47), 1, 0), 100, 0),MATCH(TRUE,INDEX(OFFSET(INDIRECT("A"&F47), 1, 0):OFFSET(OFFSET(INDIRECT("A"&F47), 1, 0), 100, 0)<>0,),0))} -> 1228 | G48: {=INDIRECT("B"&$F48)} -> LS | H48: {=_xlfn.IFS(COUNTIF($V$3:$V$18, G48)<>0, "S", COUNTIF($W$3:$W$99, G48)<>0, "E", COUNTIF($X$3, G48)<>0, "I", COUNTIF($Y$3:$Y$8, G48)<>0, "W")} -> E | I48: =SUMIF(OFFSET(INDIRECT("B"&$F48), 4, 0):INDIRECT("B"&$F49), "*"&$I$2&"*", OFFSET(INDIRECT("C"&$F48), 4, 0):OFFSET(INDIRECT("C"&$F49), -1, 0)) -> 1644 | J48: =SUMIF(OFFSET(INDIRECT("B"&$F48), 4, 0):INDIRECT("B"&$F49), "*"&$J$2&"*", OFFSET(INDIRECT("C"&$F48), 4, 0):OFFSET(INDIRECT("C"&$F49), -1, 0)) -> 38.4 | K48: =SUMIF(OFFSET(INDIRECT("B"&$F48), 4, 0):INDIRECT("B"&$F49), "*"&$K$2&"*", OFFSET(INDIRECT("C"&$F48), 4, 0):OFFSET(INDIRECT("C"&$F49), -1, 0)) -> 78.4 | L48: =SUMIF(OFFSET(INDIRECT("B"&$F48), 4, 0):INDIRECT("B"&$F49), "*"&$L$2&"*", OFFSET(INDIRECT("C"&$F48), 4, 0):OFFSET(INDIRECT("C"&$F49), -1, 0)) -> 54.39 | M48: =SUMIF(OFFSET(INDIRECT("B"&$F48), 4, 0):INDIRECT("B"&$F49), "*"&$M$2&"*", OFFSET(INDIRECT("C"&$F48), 4, 0):OFFSET(INDIRECT("C"&$F49), -1, 0)) -> 186.4 | N48: =SUMIF(OFFSET(INDIRECT("B"&$F48), 4, 0):INDIRECT("B"&$F49), "*"&$N$2&"*", OFFSET(INDIRECT("C"&$F48), 4, 0):OFFSET(INDIRECT("C"&$F49), -1, 0)) -> 57.5 | O48: =SUMIF(OFFSET(INDIRECT("B"&$F48), 4, 0):INDIRECT("B"&$F49), "*"&$O$2&"*", OFFSET(INDIRECT("C"&$F48), 4, 0):OFFSET(INDIRECT("C"&$F49), -1, 0)) -> 153.6 | P48: =SUMIF(OFFSET(INDIRECT("B"&$F48), 4, 0):INDIRECT("B"&$F49), "*"&$P$2&"*", OFFSET(INDIRECT("C"&$F48), 4, 0):OFFSET(INDIRECT("C"&$F49), -1, 0)) -> 823.95 | Q48: =SUM($I48:$P48) -> 3036.64 | S48: Total | T48: =SUM(T44:T47) -> 8322.07 | W48: LN
A49: =IF(COUNTIF($V$3:$Y$99, $B49)<>0, ROW($B49), 0) -> 0 | B49: Ginger - Bottle 24 x 500ml | C49: 54.8 | D49: 1 | F49: {=INDEX(OFFSET(INDIRECT("A"&F48), 1, 0):OFFSET(OFFSET(INDIRECT("A"&F48), 1, 0), 100, 0),MATCH(TRUE,INDEX(OFFSET(INDIRECT("A"&F48), 1, 0):OFFSET(OFFSET(INDIRECT("A"&F48), 1, 0), 100, 0)<>0,),0))} -> 1257 | G49: {=INDIRECT("B"&$F49)} -> LN | H49: {=_xlfn.IFS(COUNTIF($V$3:$V$18, G49)<>0, "S", COUNTIF($W$3:$W$99, G49)<>0, "E", COUNTIF($X$3, G49)<>0, "I", COUNTIF($Y$3:$Y$8, G49)<>0, "W")} -> E | I49: =SUMIF(OFFSET(INDIRECT("B"&$F49), 4, 0):INDIRECT("B"&$F50), "*"&$I$2&"*", OFFSET(INDIRECT("C"&$F49), 4, 0):OFFSET(INDIRECT("C"&$F50), -1, 0)) -> 354.8 | J49: =SUMIF(OFFSET(INDIRECT("B"&$F49), 4, 0):INDIRECT("B"&$F50), "*"&$J$2&"*", OFFSET(INDIRECT("C"&$F49), 4, 0):OFFSET(INDIRECT("C"&$F50), -1, 0)) -> 0 | K49: =SUMIF(OFFSET(INDIRECT("B"&$F49), 4, 0):INDIRECT("B"&$F50), "*"&$K$2&"*", OFFSET(INDIRECT("C"&$F49), 4, 0):OFFSET(INDIRECT("C"&$F50), -1, 0)) -> 0 | L49: =SUMIF(OFFSET(INDIRECT("B"&$F49), 4, 0):INDIRECT("B"&$F50), "*"&$L$2&"*", OFFSET(INDIRECT("C"&$F49), 4, 0):OFFSET(INDIRECT("C"&$F50), -1, 0)) -> 0 | M49: =SUMIF(OFFSET(INDIRECT("B"&$F49), 4, 0):INDIRECT("B"&$F50), "*"&$M$2&"*", OFFSET(INDIRECT("C"&$F49), 4, 0):OFFSET(INDIRECT("C"&$F50), -1, 0)) -> 116.8 | N49: =SUMIF(OFFSET(INDIRECT("B"&$F49), 4, 0):INDIRECT("B"&$F50), "*"&$N$2&"*", OFFSET(INDIRECT("C"&$F49), 4, 0):OFFSET(INDIRECT("C"&$F50), -1, 0)) -> 67.15 | O49: =SUMIF(OFFSET(INDIRECT("B"&$F49), 4, 0):INDIRECT("B"&$F50), "*"&$O$2&"*", OFFSET(INDIRECT("C"&$F49), 4, 0):OFFSET(INDIRECT("C"&$F50), -1, 0)) -> 0 | P49: =SUMIF(OFFSET(INDIRECT("B"&$F49), 4, 0):INDIRECT("B"&$F50), "*"&$P$2&"*", OFFSET(INDIRECT("C"&$F49), 4, 0):OFFSET(INDIRECT("C"&$F50), -1, 0)) -> 253.1 | Q49: =SUM($I49:$P49) -> 791.85 | W49: LS
A50: =IF(COUNTIF($V$3:$Y$99, $B50)<>0, ROW($B50), 0) -> 0 | B50: Ginger - 20L Ciderbox 20L Ciderbox | C50: 64 | D50: 1 | F50: {=INDEX(OFFSET(INDIRECT("A"&F49), 1, 0):OFFSET(OFFSET(INDIRECT("A"&F49), 1, 0), 100, 0),MATCH(TRUE,INDEX(OFFSET(INDIRECT("A"&F49), 1, 0):OFFSET(OFFSET(INDIRECT("A"&F49), 1, 0), 100, 0)<>0,),0))} -> 1277 | G50: {=INDIRECT("B"&$F50)} -> PA | H50: {=_xlfn.IFS(COUNTIF($V$3:$V$18, G50)<>0, "S", COUNTIF($W$3:$W$99, G50)<>0, "E", COUNTIF($X$3, G50)<>0, "I", COUNTIF($Y$3:$Y$8, G50)<>0, "W")} -> S | I50: =SUMIF(OFFSET(INDIRECT("B"&$F50), 4, 0):INDIRECT("B"&$F51), "*"&$I$2&"*", OFFSET(INDIRECT("C"&$F50), 4, 0):OFFSET(INDIRECT("C"&$F51), -1, 0)) -> 801.95 | J50: =SUMIF(OFFSET(INDIRECT("B"&$F50), 4, 0):INDIRECT("B"&$F51), "*"&$J$2&"*", OFFSET(INDIRECT("C"&$F50), 4, 0):OFFSET(INDIRECT("C"&$F51), -1, 0)) -> 519.55 | K50: =SUMIF(OFFSET(INDIRECT("B"&$F50), 4, 0):INDIRECT("B"&$F51), "*"&$K$2&"*", OFFSET(INDIRECT("C"&$F50), 4, 0):OFFSET(INDIRECT("C"&$F51), -1, 0)) -> 198.75 | L50: =SUMIF(OFFSET(INDIRECT("B"&$F50), 4, 0):INDIRECT("B"&$F51), "*"&$L$2&"*", OFFSET(INDIRECT("C"&$F50), 4, 0):OFFSET(INDIRECT("C"&$F51), -1, 0)) -> 191.53 | M50: =SUMIF(OFFSET(INDIRECT("B"&$F50), 4, 0):INDIRECT("B"&$F51), "*"&$M$2&"*", OFFSET(INDIRECT("C"&$F50), 4, 0):OFFSET(INDIRECT("C"&$F51), -1, 0)) -> 382 | N50: =SUMIF(OFFSET(INDIRECT("B"&$F50), 4, 0):INDIRECT("B"&$F51), "*"&$N$2&"*", OFFSET(INDIRECT("C"&$F50), 4, 0):OFFSET(INDIRECT("C"&$F51), -1, 0)) -> 67.15 | O50: =SUMIF(OFFSET(INDIRECT("B"&$F50), 4, 0):INDIRECT("B"&$F51), "*"&$O$2&"*", OFFSET(INDIRECT("C"&$F50), 4, 0):OFFSET(INDIRECT("C"&$F51), -1, 0)) -> 192 | P50: =SUMIF(OFFSET(INDIRECT("B"&$F50), 4, 0):INDIRECT("B"&$F51), "*"&$P$2&"*", OFFSET(INDIRECT("C"&$F50), 4, 0):OFFSET(INDIRECT("C"&$F51), -1, 0)) -> 1141.2 | Q50: =SUM($I50:$P50) -> 3494.13 | S50: =O2 -> Cloudy | W50: LU
A51: =IF(COUNTIF($V$3:$Y$99, $B51)<>0, ROW($B51), 0) -> 0 | B51: Scottish Fruits Cider Liqueur 50cl | C51: 28.75 | D51: 1 | F51: {=INDEX(OFFSET(INDIRECT("A"&F50), 1, 0):OFFSET(OFFSET(INDIRECT("A"&F50), 1, 0), 100, 0),MATCH(TRUE,INDEX(OFFSET(INDIRECT("A"&F50), 1, 0):OFFSET(OFFSET(INDIRECT("A"&F50), 1, 0), 100, 0)<>0,),0))} -> 1316 | G51: {=INDIRECT("B"&$F51)} -> LL | H51: {=_xlfn.IFS(COUNTIF($V$3:$V$18, G51)<>0, "S", COUNTIF($W$3:$W$99, G51)<>0, "E", COUNTIF($X$3, G51)<>0, "I", COUNTIF($Y$3:$Y$8, G51)<>0, "W")} -> W | I51: =SUMIF(OFFSET(INDIRECT("B"&$F51), 4, 0):INDIRECT("B"&$F52), "*"&$I$2&"*", OFFSET(INDIRECT("C"&$F51), 4, 0):OFFSET(INDIRECT("C"&$F52), -1, 0)) -> 804.4 | J51: =SUMIF(OFFSET(INDIRECT("B"&$F51), 4, 0):INDIRECT("B"&$F52), "*"&$J$2&"*", OFFSET(INDIRECT("C"&$F51), 4, 0):OFFSET(INDIRECT("C"&$F52), -1, 0)) -> 0 | K51: =SUMIF(OFFSET(INDIRECT("B"&$F51), 4, 0):INDIRECT("B"&$F52), "*"&$K$2&"*", OFFSET(INDIRECT("C"&$F51), 4, 0):OFFSET(INDIRECT("C"&$F52), -1, 0)) -> 0 | L51: =SUMIF(OFFSET(INDIRECT("B"&$F51), 4, 0):INDIRECT("B"&$F52), "*"&$L$2&"*", OFFSET(INDIRECT("C"&$F51), 4, 0):OFFSET(INDIRECT("C"&$F52), -1, 0)) -> 38.4 | M51: =SUMIF(OFFSET(INDIRECT("B"&$F51), 4, 0):INDIRECT("B"&$F52), "*"&$M$2&"*", OFFSET(INDIRECT("C"&$F51), 4, 0):OFFSET(INDIRECT("C"&$F52), -1, 0)) -> 0 | N51: =SUMIF(OFFSET(INDIRECT("B"&$F51), 4, 0):INDIRECT("B"&$F52), "*"&$N$2&"*", OFFSET(INDIRECT("C"&$F51), 4, 0):OFFSET(INDIRECT("C"&$F52), -1, 0)) -> 0 | O51: =SUMIF(OFFSET(INDIRECT("B"&$F51), 4, 0):INDIRECT("B"&$F52), "*"&$O$2&"*", OFFSET(INDIRECT("C"&$F51), 4, 0):OFFSET(INDIRECT("C"&$F52), -1, 0)) -> 0 | P51: =SUMIF(OFFSET(INDIRECT("B"&$F51), 4, 0):INDIRECT("B"&$F52), "*"&$P$2&"*", OFFSET(INDIRECT("C"&$F51), 4, 0):OFFSET(INDIRECT("C"&$F52), -1, 0)) -> 427.6 | Q51: =SUM($I51:$P51) -> 1270.4 | S51: Region | T51: Sales | W51: M
A52: =IF(COUNTIF($V$3:$Y$99, $B52)<>0, ROW($B52), 0) -> 0 | B52: Mulled Cider - 2x5L Ciderbox | C52: 40 | D52: 1 | F52: {=INDEX(OFFSET(INDIRECT("A"&F51), 1, 0):OFFSET(OFFSET(INDIRECT("A"&F51), 1, 0), 100, 0),MATCH(TRUE,INDEX(OFFSET(INDIRECT("A"&F51), 1, 0):OFFSET(OFFSET(INDIRECT("A"&F51), 1, 0), 100, 0)<>0,),0))} -> 1333 | G52: {=INDIRECT("B"&$F52)} -> NE | H52: {=_xlfn.IFS(COUNTIF($V$3:$V$18, G52)<>0, "S", COUNTIF($W$3:$W$99, G52)<>0, "E", COUNTIF($X$3, G52)<>0, "I", COUNTIF($Y$3:$Y$8, G52)<>0, "W")} -> E | I52: =SUMIF(OFFSET(INDIRECT("B"&$F52), 4, 0):INDIRECT("B"&$F53), "*"&$I$2&"*", OFFSET(INDIRECT("C"&$F52), 4, 0):OFFSET(INDIRECT("C"&$F53), -1, 0)) -> 3639.95 | J52: =SUMIF(OFFSET(INDIRECT("B"&$F52), 4, 0):INDIRECT("B"&$F53), "*"&$J$2&"*", OFFSET(INDIRECT("C"&$F52), 4, 0):OFFSET(INDIRECT("C"&$F53), -1, 0)) -> 525.2 | K52: =SUMIF(OFFSET(INDIRECT("B"&$F52), 4, 0):INDIRECT("B"&$F53), "*"&$K$2&"*", OFFSET(INDIRECT("C"&$F52), 4, 0):OFFSET(INDIRECT("C"&$F53), -1, 0)) -> 274 | L52: =SUMIF(OFFSET(INDIRECT("B"&$F52), 4, 0):INDIRECT("B"&$F53), "*"&$L$2&"*", OFFSET(INDIRECT("C"&$F52), 4, 0):OFFSET(INDIRECT("C"&$F53), -1, 0)) -> 213.53 | M52: =SUMIF(OFFSET(INDIRECT("B"&$F52), 4, 0):INDIRECT("B"&$F53), "*"&$M$2&"*", OFFSET(INDIRECT("C"&$F52), 4, 0):OFFSET(INDIRECT("C"&$F53), -1, 0)) -> 308.8 | N52: =SUMIF(OFFSET(INDIRECT("B"&$F52), 4, 0):INDIRECT("B"&$F53), "*"&$N$2&"*", OFFSET(INDIRECT("C"&$F52), 4, 0):OFFSET(INDIRECT("C"&$F53), -1, 0)) -> 220.55 | O52: =SUMIF(OFFSET(INDIRECT("B"&$F52), 4, 0):INDIRECT("B"&$F53), "*"&$O$2&"*", OFFSET(INDIRECT("C"&$F52), 4, 0):OFFSET(INDIRECT("C"&$F53), -1, 0)) -> 38.4 | P52: =SUMIF(OFFSET(INDIRECT("B"&$F52), 4, 0):INDIRECT("B"&$F53), "*"&$P$2&"*", OFFSET(INDIRECT("C"&$F52), 4, 0):OFFSET(INDIRECT("C"&$F53), -1, 0)) -> 731.9 | Q52: =SUM($I52:$P52) -> 5952.33 | S52: England | T52: =SUMIF($H$3:$H$120, "E", $O$3:$O$120) -> 1734.4 | W52: ME
A53: =IF(COUNTIF($V$3:$Y$99, $B53)<>0, ROW($B53), 0) -> 0 | B53: Thistly Cross Cider Bumper Box | C53: 164.4 | D53: 3 | F53: {=INDEX(OFFSET(INDIRECT("A"&F52), 1, 0):OFFSET(OFFSET(INDIRECT("A"&F52), 1, 0), 100, 0),MATCH(TRUE,INDEX(OFFSET(INDIRECT("A"&F52), 1, 0):OFFSET(OFFSET(INDIRECT("A"&F52), 1, 0), 100, 0)<>0,),0))} -> 1375 | G53: {=INDIRECT("B"&$F53)} -> CA | H53: {=_xlfn.IFS(COUNTIF($V$3:$V$18, G53)<>0, "S", COUNTIF($W$3:$W$99, G53)<>0, "E", COUNTIF($X$3, G53)<>0, "I", COUNTIF($Y$3:$Y$8, G53)<>0, "W")} -> E | I53: =SUMIF(OFFSET(INDIRECT("B"&$F53), 4, 0):INDIRECT("B"&$F54), "*"&$I$2&"*", OFFSET(INDIRECT("C"&$F53), 4, 0):OFFSET(INDIRECT("C"&$F54), -1, 0)) -> 439.2 | J53: =SUMIF(OFFSET(INDIRECT("B"&$F53), 4, 0):INDIRECT("B"&$F54), "*"&$J$2&"*", OFFSET(INDIRECT("C"&$F53), 4, 0):OFFSET(INDIRECT("C"&$F54), -1, 0)) -> 54.8 | K53: =SUMIF(OFFSET(INDIRECT("B"&$F53), 4, 0):INDIRECT("B"&$F54), "*"&$K$2&"*", OFFSET(INDIRECT("C"&$F53), 4, 0):OFFSET(INDIRECT("C"&$F54), -1, 0)) -> 68.75 | L53: =SUMIF(OFFSET(INDIRECT("B"&$F53), 4, 0):INDIRECT("B"&$F54), "*"&$L$2&"*", OFFSET(INDIRECT("C"&$F53), 4, 0):OFFSET(INDIRECT("C"&$F54), -1, 0)) -> 131.6 | M53: =SUMIF(OFFSET(INDIRECT("B"&$F53), 4, 0):INDIRECT("B"&$F54), "*"&$M$2&"*", OFFSET(INDIRECT("C"&$F53), 4, 0):OFFSET(INDIRECT("C"&$F54), -1, 0)) -> 365.6 | N53: =SUMIF(OFFSET(INDIRECT("B"&$F53), 4, 0):INDIRECT("B"&$F54), "*"&$N$2&"*", OFFSET(INDIRECT("C"&$F53), 4, 0):OFFSET(INDIRECT("C"&$F54), -1, 0)) -> 124.65 | O53: =SUMIF(OFFSET(INDIRECT("B"&$F53), 4, 0):INDIRECT("B"&$F54), "*"&$O$2&"*", OFFSET(INDIRECT("C"&$F53), 4, 0):OFFSET(INDIRECT("C"&$F54), -1, 0)) -> 115.2 | P53: =SUMIF(OFFSET(INDIRECT("B"&$F53), 4, 0):INDIRECT("B"&$F54), "*"&$P$2&"*", OFFSET(INDIRECT("C"&$F53), 4, 0):OFFSET(INDIRECT("C"&$F54), -1, 0)) -> 589.5 | Q53: =SUM($I53:$P53) -> 1889.3 | S53: Scotland | T53: =SUMIF($H$3:$H$120, "S", $O$3:$O$120) -> 2929.6 | W53: MK
A54: =IF(COUNTIF($V$3:$Y$99, $B54)<>0, ROW($B54), 0) -> 0 | B54: Traditional Cider Liqueur 50cl | C54: 57.5 | D54: 2 | F54: {=INDEX(OFFSET(INDIRECT("A"&F53), 1, 0):OFFSET(OFFSET(INDIRECT("A"&F53), 1, 0), 100, 0),MATCH(TRUE,INDEX(OFFSET(INDIRECT("A"&F53), 1, 0):OFFSET(OFFSET(INDIRECT("A"&F53), 1, 0), 100, 0)<>0,),0))} -> 1407 | G54: {=INDIRECT("B"&$F54)} -> TN | H54: {=_xlfn.IFS(COUNTIF($V$3:$V$18, G54)<>0, "S", COUNTIF($W$3:$W$99, G54)<>0, "E", COUNTIF($X$3, G54)<>0, "I", COUNTIF($Y$3:$Y$8, G54)<>0, "W")} -> E | I54: =SUMIF(OFFSET(INDIRECT("B"&$F54), 4, 0):INDIRECT("B"&$F55), "*"&$I$2&"*", OFFSET(INDIRECT("C"&$F54), 4, 0):OFFSET(INDIRECT("C"&$F55), -1, 0)) -> 1260.8 | J54: =SUMIF(OFFSET(INDIRECT("B"&$F54), 4, 0):INDIRECT("B"&$F55), "*"&$J$2&"*", OFFSET(INDIRECT("C"&$F54), 4, 0):OFFSET(INDIRECT("C"&$F55), -1, 0)) -> 0 | K54: =SUMIF(OFFSET(INDIRECT("B"&$F54), 4, 0):INDIRECT("B"&$F55), "*"&$K$2&"*", OFFSET(INDIRECT("C"&$F54), 4, 0):OFFSET(INDIRECT("C"&$F55), -1, 0)) -> 0 | L54: =SUMIF(OFFSET(INDIRECT("B"&$F54), 4, 0):INDIRECT("B"&$F55), "*"&$L$2&"*", OFFSET(INDIRECT("C"&$F54), 4, 0):OFFSET(INDIRECT("C"&$F55), -1, 0)) -> 93.2 | M54: =SUMIF(OFFSET(INDIRECT("B"&$F54), 4, 0):INDIRECT("B"&$F55), "*"&$M$2&"*", OFFSET(INDIRECT("C"&$F54), 4, 0):OFFSET(INDIRECT("C"&$F55), -1, 0)) -> 38.4 | N54: =SUMIF(OFFSET(INDIRECT("B"&$F54), 4, 0):INDIRECT("B"&$F55), "*"&$N$2&"*", OFFSET(INDIRECT("C"&$F54), 4, 0):OFFSET(INDIRECT("C"&$F55), -1, 0)) -> 0 | O54: =SUMIF(OFFSET(INDIRECT("B"&$F54), 4, 0):INDIRECT("B"&$F55), "*"&$O$2&"*", OFFSET(INDIRECT("C"&$F54), 4, 0):OFFSET(INDIRECT("C"&$F55), -1, 0)) -> 0 | P54: =SUMIF(OFFSET(INDIRECT("B"&$F54), 4, 0):INDIRECT("B"&$F55), "*"&$P$2&"*", OFFSET(INDIRECT("C"&$F54), 4, 0):OFFSET(INDIRECT("C"&$F55), -1, 0)) -> 237.15 | Q54: =SUM($I54:$P54) -> 1629.55 | S54: N.Ireland | T54: =SUMIF($H$3:$H$120, "I", $O$3:$O$120) -> 0 | W54: N
A55: =IF(COUNTIF($V$3:$Y$99, $B55)<>0, ROW($B55), 0) -> 0 | B55: Elderflower - 2x5L Ciderbox 2 x 5L Ciderbox | C55: 40 | D55: 1 | F55: {=INDEX(OFFSET(INDIRECT("A"&F54), 1, 0):OFFSET(OFFSET(INDIRECT("A"&F54), 1, 0), 100, 0),MATCH(TRUE,INDEX(OFFSET(INDIRECT("A"&F54), 1, 0):OFFSET(OFFSET(INDIRECT("A"&F54), 1, 0), 100, 0)<>0,),0))} -> 1424 | G55: {=INDIRECT("B"&$F55)} -> WA | H55: {=_xlfn.IFS(COUNTIF($V$3:$V$18, G55)<>0, "S", COUNTIF($W$3:$W$99, G55)<>0, "E", COUNTIF($X$3, G55)<>0, "I", COUNTIF($Y$3:$Y$8, G55)<>0, "W")} -> E | I55: =SUMIF(OFFSET(INDIRECT("B"&$F55), 4, 0):INDIRECT("B"&$F56), "*"&$I$2&"*", OFFSET(INDIRECT("C"&$F55), 4, 0):OFFSET(INDIRECT("C"&$F56), -1, 0)) -> 601.6 | J55: =SUMIF(OFFSET(INDIRECT("B"&$F55), 4, 0):INDIRECT("B"&$F56), "*"&$J$2&"*", OFFSET(INDIRECT("C"&$F55), 4, 0):OFFSET(INDIRECT("C"&$F56), -1, 0)) -> 109.6 | K55: =SUMIF(OFFSET(INDIRECT("B"&$F55), 4, 0):INDIRECT("B"&$F56), "*"&$K$2&"*", OFFSET(INDIRECT("C"&$F55), 4, 0):OFFSET(INDIRECT("C"&$F56), -1, 0)) -> 109.6 | L55: =SUMIF(OFFSET(INDIRECT("B"&$F55), 4, 0):INDIRECT("B"&$F56), "*"&$L$2&"*", OFFSET(INDIRECT("C"&$F55), 4, 0):OFFSET(INDIRECT("C"&$F56), -1, 0)) -> 241.2 | M55: =SUMIF(OFFSET(INDIRECT("B"&$F55), 4, 0):INDIRECT("B"&$F56), "*"&$M$2&"*", OFFSET(INDIRECT("C"&$F55), 4, 0):OFFSET(INDIRECT("C"&$F56), -1, 0)) -> 394 | N55: =SUMIF(OFFSET(INDIRECT("B"&$F55), 4, 0):INDIRECT("B"&$F56), "*"&$N$2&"*", OFFSET(INDIRECT("C"&$F55), 4, 0):OFFSET(INDIRECT("C"&$F56), -1, 0)) -> 28.75 | O55: =SUMIF(OFFSET(INDIRECT("B"&$F55), 4, 0):INDIRECT("B"&$F56), "*"&$O$2&"*", OFFSET(INDIRECT("C"&$F55), 4, 0):OFFSET(INDIRECT("C"&$F56), -1, 0)) -> 0 | P55: =SUMIF(OFFSET(INDIRECT("B"&$F55), 4, 0):INDIRECT("B"&$F56), "*"&$P$2&"*", OFFSET(INDIRECT("C"&$F55), 4, 0):OFFSET(INDIRECT("C"&$F56), -1, 0)) -> 263.2 | Q55: =SUM($I55:$P55) -> 1747.95 | S55: Wales | T55: =SUMIF($H$3:$H$120, "W", $O$3:$O$120) -> 179.2 | W55: NE
A56: =IF(COUNTIF($V$3:$Y$99, $B56)<>0, ROW($B56), 0) -> 0 | B56: Scottish Fruits Cider Liqueur - Mother's Day Offer 50cl | C56: 57.5 | D56: 2 | F56: {=INDEX(OFFSET(INDIRECT("A"&F55), 1, 0):OFFSET(OFFSET(INDIRECT("A"&F55), 1, 0), 100, 0),MATCH(TRUE,INDEX(OFFSET(INDIRECT("A"&F55), 1, 0):OFFSET(OFFSET(INDIRECT("A"&F55), 1, 0), 100, 0)<>0,),0))} -> 1445 | G56: {=INDIRECT("B"&$F56)} -> SW | H56: {=_xlfn.IFS(COUNTIF($V$3:$V$18, G56)<>0, "S", COUNTIF($W$3:$W$99, G56)<>0, "E", COUNTIF($X$3, G56)<>0, "I", COUNTIF($Y$3:$Y$8, G56)<>0, "W")} -> E | I56: =SUMIF(OFFSET(INDIRECT("B"&$F56), 4, 0):INDIRECT("B"&$F57), "*"&$I$2&"*", OFFSET(INDIRECT("C"&$F56), 4, 0):OFFSET(INDIRECT("C"&$F57), -1, 0)) -> 606.4 | J56: =SUMIF(OFFSET(INDIRECT("B"&$F56), 4, 0):INDIRECT("B"&$F57), "*"&$J$2&"*", OFFSET(INDIRECT("C"&$F56), 4, 0):OFFSET(INDIRECT("C"&$F57), -1, 0)) -> 38.4 | K56: =SUMIF(OFFSET(INDIRECT("B"&$F56), 4, 0):INDIRECT("B"&$F57), "*"&$K$2&"*", OFFSET(INDIRECT("C"&$F56), 4, 0):OFFSET(INDIRECT("C"&$F57), -1, 0)) -> 76.8 | L56: =SUMIF(OFFSET(INDIRECT("B"&$F56), 4, 0):INDIRECT("B"&$F57), "*"&$L$2&"*", OFFSET(INDIRECT("C"&$F56), 4, 0):OFFSET(INDIRECT("C"&$F57), -1, 0)) -> 93.2 | M56: =SUMIF(OFFSET(INDIRECT("B"&$F56), 4, 0):INDIRECT("B"&$F57), "*"&$M$2&"*", OFFSET(INDIRECT("C"&$F56), 4, 0):OFFSET(INDIRECT("C"&$F57), -1, 0)) -> 0 | N56: =SUMIF(OFFSET(INDIRECT("B"&$F56), 4, 0):INDIRECT("B"&$F57), "*"&$N$2&"*", OFFSET(INDIRECT("C"&$F56), 4, 0):OFFSET(INDIRECT("C"&$F57), -1, 0)) -> 0 | O56: =SUMIF(OFFSET(INDIRECT("B"&$F56), 4, 0):INDIRECT("B"&$F57), "*"&$O$2&"*", OFFSET(INDIRECT("C"&$F56), 4, 0):OFFSET(INDIRECT("C"&$F57), -1, 0)) -> 0 | P56: =SUMIF(OFFSET(INDIRECT("B"&$F56), 4, 0):INDIRECT("B"&$F57), "*"&$P$2&"*", OFFSET(INDIRECT("C"&$F56), 4, 0):OFFSET(INDIRECT("C"&$F57), -1, 0)) -> 352.35 | Q56: =SUM($I56:$P56) -> 1167.15 | S56: Total | T56: =SUM(T52:T55) -> 4843.2 | W56: NG
A57: =IF(COUNTIF($V$3:$Y$99, $B57)<>0, ROW($B57), 0) -> 0 | B57: Ginger - Bottle 24 x 330ml | C57: 38.4 | D57: 1 | F57: {=INDEX(OFFSET(INDIRECT("A"&F56), 1, 0):OFFSET(OFFSET(INDIRECT("A"&F56), 1, 0), 100, 0),MATCH(TRUE,INDEX(OFFSET(INDIRECT("A"&F56), 1, 0):OFFSET(OFFSET(INDIRECT("A"&F56), 1, 0), 100, 0)<>0,),0))} -> 1465 | G57: {=INDIRECT("B"&$F57)} -> SL | H57: {=_xlfn.IFS(COUNTIF($V$3:$V$18, G57)<>0, "S", COUNTIF($W$3:$W$99, G57)<>0, "E", COUNTIF($X$3, G57)<>0, "I", COUNTIF($Y$3:$Y$8, G57)<>0, "W")} -> E | I57: =SUMIF(OFFSET(INDIRECT("B"&$F57), 4, 0):INDIRECT("B"&$F58), "*"&$I$2&"*", OFFSET(INDIRECT("C"&$F57), 4, 0):OFFSET(INDIRECT("C"&$F58), -1, 0)) -> 536.4 | J57: =SUMIF(OFFSET(INDIRECT("B"&$F57), 4, 0):INDIRECT("B"&$F58), "*"&$J$2&"*", OFFSET(INDIRECT("C"&$F57), 4, 0):OFFSET(INDIRECT("C"&$F58), -1, 0)) -> 0 | K57: =SUMIF(OFFSET(INDIRECT("B"&$F57), 4, 0):INDIRECT("B"&$F58), "*"&$K$2&"*", OFFSET(INDIRECT("C"&$F57), 4, 0):OFFSET(INDIRECT("C"&$F58), -1, 0)) -> 288.8 | L57: =SUMIF(OFFSET(INDIRECT("B"&$F57), 4, 0):INDIRECT("B"&$F58), "*"&$L$2&"*", OFFSET(INDIRECT("C"&$F57), 4, 0):OFFSET(INDIRECT("C"&$F58), -1, 0)) -> 0 | M57: =SUMIF(OFFSET(INDIRECT("B"&$F57), 4, 0):INDIRECT("B"&$F58), "*"&$M$2&"*", OFFSET(INDIRECT("C"&$F57), 4, 0):OFFSET(INDIRECT("C"&$F58), -1, 0)) -> 109.6 | N57: =SUMIF(OFFSET(INDIRECT("B"&$F57), 4, 0):INDIRECT("B"&$F58), "*"&$N$2&"*", OFFSET(INDIRECT("C"&$F57), 4, 0):OFFSET(INDIRECT("C"&$F58), -1, 0)) -> 0 | O57: =SUMIF(OFFSET(INDIRECT("B"&$F57), 4, 0):INDIRECT("B"&$F58), "*"&$O$2&"*", OFFSET(INDIRECT("C"&$F57), 4, 0):OFFSET(INDIRECT("C"&$F58), -1, 0)) -> 0 | P57: =SUMIF(OFFSET(INDIRECT("B"&$F57), 4, 0):INDIRECT("B"&$F58), "*"&$P$2&"*", OFFSET(INDIRECT("C"&$F57), 4, 0):OFFSET(INDIRECT("C"&$F58), -1, 0)) -> 95.9 | Q57: =SUM($I57:$P57) -> 1030.7 | W57: NN
A58: =IF(COUNTIF($V$3:$Y$99, $B58)<>0, ROW($B58), 0) -> 0 | B58: Cidershed 24 x 330ml | C58: 38.4 | D58: 1 | F58: {=INDEX(OFFSET(INDIRECT("A"&F57), 1, 0):OFFSET(OFFSET(INDIRECT("A"&F57), 1, 0), 100, 0),MATCH(TRUE,INDEX(OFFSET(INDIRECT("A"&F57), 1, 0):OFFSET(OFFSET(INDIRECT("A"&F57), 1, 0), 100, 0)<>0,),0))} -> 1482 | G58: {=INDIRECT("B"&$F58)} -> GU | H58: {=_xlfn.IFS(COUNTIF($V$3:$V$18, G58)<>0, "S", COUNTIF($W$3:$W$99, G58)<>0, "E", COUNTIF($X$3, G58)<>0, "I", COUNTIF($Y$3:$Y$8, G58)<>0, "W")} -> E | I58: =SUMIF(OFFSET(INDIRECT("B"&$F58), 4, 0):INDIRECT("B"&$F59), "*"&$I$2&"*", OFFSET(INDIRECT("C"&$F58), 4, 0):OFFSET(INDIRECT("C"&$F59), -1, 0)) -> 596 | J58: =SUMIF(OFFSET(INDIRECT("B"&$F58), 4, 0):INDIRECT("B"&$F59), "*"&$J$2&"*", OFFSET(INDIRECT("C"&$F58), 4, 0):OFFSET(INDIRECT("C"&$F59), -1, 0)) -> 127.76 | K58: =SUMIF(OFFSET(INDIRECT("B"&$F58), 4, 0):INDIRECT("B"&$F59), "*"&$K$2&"*", OFFSET(INDIRECT("C"&$F58), 4, 0):OFFSET(INDIRECT("C"&$F59), -1, 0)) -> 0 | L58: =SUMIF(OFFSET(INDIRECT("B"&$F58), 4, 0):INDIRECT("B"&$F59), "*"&$L$2&"*", OFFSET(INDIRECT("C"&$F58), 4, 0):OFFSET(INDIRECT("C"&$F59), -1, 0)) -> 279.6 | M58: =SUMIF(OFFSET(INDIRECT("B"&$F58), 4, 0):INDIRECT("B"&$F59), "*"&$M$2&"*", OFFSET(INDIRECT("C"&$F58), 4, 0):OFFSET(INDIRECT("C"&$F59), -1, 0)) -> 93.2 | N58: =SUMIF(OFFSET(INDIRECT("B"&$F58), 4, 0):INDIRECT("B"&$F59), "*"&$N$2&"*", OFFSET(INDIRECT("C"&$F58), 4, 0):OFFSET(INDIRECT("C"&$F59), -1, 0)) -> 92.06 | O58: =SUMIF(OFFSET(INDIRECT("B"&$F58), 4, 0):INDIRECT("B"&$F59), "*"&$O$2&"*", OFFSET(INDIRECT("C"&$F58), 4, 0):OFFSET(INDIRECT("C"&$F59), -1, 0)) -> 38.4 | P58: =SUMIF(OFFSET(INDIRECT("B"&$F58), 4, 0):INDIRECT("B"&$F59), "*"&$P$2&"*", OFFSET(INDIRECT("C"&$F58), 4, 0):OFFSET(INDIRECT("C"&$F59), -1, 0)) -> 198.75 | Q58: =SUM($I58:$P58) -> 1425.77 | S58: =P2 -> Traditional | W58: NR
A59: =IF(COUNTIF($V$3:$Y$99, $B59)<>0, ROW($B59), 0) -> 0 | B59: Scottish Fruits Cider Liqueur - Valentines Pack 50cl | C59: 28.75 | D59: 1 | F59: {=INDEX(OFFSET(INDIRECT("A"&F58), 1, 0):OFFSET(OFFSET(INDIRECT("A"&F58), 1, 0), 100, 0),MATCH(TRUE,INDEX(OFFSET(INDIRECT("A"&F58), 1, 0):OFFSET(OFFSET(INDIRECT("A"&F58), 1, 0), 100, 0)<>0,),0))} -> 1508 | G59: {=INDIRECT("B"&$F59)} -> BR | H59: {=_xlfn.IFS(COUNTIF($V$3:$V$18, G59)<>0, "S", COUNTIF($W$3:$W$99, G59)<>0, "E", COUNTIF($X$3, G59)<>0, "I", COUNTIF($Y$3:$Y$8, G59)<>0, "W")} -> E | I59: =SUMIF(OFFSET(INDIRECT("B"&$F59), 4, 0):INDIRECT("B"&$F60), "*"&$I$2&"*", OFFSET(INDIRECT("C"&$F59), 4, 0):OFFSET(INDIRECT("C"&$F60), -1, 0)) -> 260 | J59: =SUMIF(OFFSET(INDIRECT("B"&$F59), 4, 0):INDIRECT("B"&$F60), "*"&$J$2&"*", OFFSET(INDIRECT("C"&$F59), 4, 0):OFFSET(INDIRECT("C"&$F60), -1, 0)) -> 0 | K59: =SUMIF(OFFSET(INDIRECT("B"&$F59), 4, 0):INDIRECT("B"&$F60), "*"&$K$2&"*", OFFSET(INDIRECT("C"&$F59), 4, 0):OFFSET(INDIRECT("C"&$F60), -1, 0)) -> 0 | L59: =SUMIF(OFFSET(INDIRECT("B"&$F59), 4, 0):INDIRECT("B"&$F60), "*"&$L$2&"*", OFFSET(INDIRECT("C"&$F59), 4, 0):OFFSET(INDIRECT("C"&$F60), -1, 0)) -> 38.4 | M59: =SUMIF(OFFSET(INDIRECT("B"&$F59), 4, 0):INDIRECT("B"&$F60), "*"&$M$2&"*", OFFSET(INDIRECT("C"&$F59), 4, 0):OFFSET(INDIRECT("C"&$F60), -1, 0)) -> 0 | N59: =SUMIF(OFFSET(INDIRECT("B"&$F59), 4, 0):INDIRECT("B"&$F60), "*"&$N$2&"*", OFFSET(INDIRECT("C"&$F59), 4, 0):OFFSET(INDIRECT("C"&$F60), -1, 0)) -> 0 | O59: =SUMIF(OFFSET(INDIRECT("B"&$F59), 4, 0):INDIRECT("B"&$F60), "*"&$O$2&"*", OFFSET(INDIRECT("C"&$F59), 4, 0):OFFSET(INDIRECT("C"&$F60), -1, 0)) -> 38.4 | P59: =SUMIF(OFFSET(INDIRECT("B"&$F59), 4, 0):INDIRECT("B"&$F60), "*"&$P$2&"*", OFFSET(INDIRECT("C"&$F59), 4, 0):OFFSET(INDIRECT("C"&$F60), -1, 0)) -> 95.9 | Q59: =SUM($I59:$P59) -> 432.7 | S59: Region | T59: Sales | W59: NW
A60: =IF(COUNTIF($V$3:$Y$99, $B60)<>0, ROW($B60), 0) -> 60 | B60: EC | F60: {=INDEX(OFFSET(INDIRECT("A"&F59), 1, 0):OFFSET(OFFSET(INDIRECT("A"&F59), 1, 0), 100, 0),MATCH(TRUE,INDEX(OFFSET(INDIRECT("A"&F59), 1, 0):OFFSET(OFFSET(INDIRECT("A"&F59), 1, 0), 100, 0)<>0,),0))} -> 1524 | G60: {=INDIRECT("B"&$F60)} -> KT | H60: {=_xlfn.IFS(COUNTIF($V$3:$V$18, G60)<>0, "S", COUNTIF($W$3:$W$99, G60)<>0, "E", COUNTIF($X$3, G60)<>0, "I", COUNTIF($Y$3:$Y$8, G60)<>0, "W")} -> E | I60: =SUMIF(OFFSET(INDIRECT("B"&$F60), 4, 0):INDIRECT("B"&$F61), "*"&$I$2&"*", OFFSET(INDIRECT("C"&$F60), 4, 0):OFFSET(INDIRECT("C"&$F61), -1, 0)) -> 755.6 | J60: =SUMIF(OFFSET(INDIRECT("B"&$F60), 4, 0):INDIRECT("B"&$F61), "*"&$J$2&"*", OFFSET(INDIRECT("C"&$F60), 4, 0):OFFSET(INDIRECT("C"&$F61), -1, 0)) -> 0 | K60: =SUMIF(OFFSET(INDIRECT("B"&$F60), 4, 0):INDIRECT("B"&$F61), "*"&$K$2&"*", OFFSET(INDIRECT("C"&$F60), 4, 0):OFFSET(INDIRECT("C"&$F61), -1, 0)) -> 0 | L60: =SUMIF(OFFSET(INDIRECT("B"&$F60), 4, 0):INDIRECT("B"&$F61), "*"&$L$2&"*", OFFSET(INDIRECT("C"&$F60), 4, 0):OFFSET(INDIRECT("C"&$F61), -1, 0)) -> 131.6 | M60: =SUMIF(OFFSET(INDIRECT("B"&$F60), 4, 0):INDIRECT("B"&$F61), "*"&$M$2&"*", OFFSET(INDIRECT("C"&$F60), 4, 0):OFFSET(INDIRECT("C"&$F61), -1, 0)) -> 54.8 | N60: =SUMIF(OFFSET(INDIRECT("B"&$F60), 4, 0):INDIRECT("B"&$F61), "*"&$N$2&"*", OFFSET(INDIRECT("C"&$F60), 4, 0):OFFSET(INDIRECT("C"&$F61), -1, 0)) -> 28.75 | O60: =SUMIF(OFFSET(INDIRECT("B"&$F60), 4, 0):INDIRECT("B"&$F61), "*"&$O$2&"*", OFFSET(INDIRECT("C"&$F60), 4, 0):OFFSET(INDIRECT("C"&$F61), -1, 0)) -> 38.4 | P60: =SUMIF(OFFSET(INDIRECT("B"&$F60), 4, 0):INDIRECT("B"&$F61), "*"&$P$2&"*", OFFSET(INDIRECT("C"&$F60), 4, 0):OFFSET(INDIRECT("C"&$F61), -1, 0)) -> 148 | Q60: =SUM($I60:$P60) -> 1157.15 | S60: England | T60: =SUMIF($H$3:$H$120, "E", $P$3:$P$120) -> 21320.3 | W60: OL
A61: =IF(COUNTIF($V$3:$Y$99, $B61)<>0, ROW($B61), 0) -> 0 | B61: Total # Sold | C61: 12 | F61: {=INDEX(OFFSET(INDIRECT("A"&F60), 1, 0):OFFSET(OFFSET(INDIRECT("A"&F60), 1, 0), 100, 0),MATCH(TRUE,INDEX(OFFSET(INDIRECT("A"&F60), 1, 0):OFFSET(OFFSET(INDIRECT("A"&F60), 1, 0), 100, 0)<>0,),0))} -> 1542 | G61: {=INDIRECT("B"&$F61)} -> OL | H61: {=_xlfn.IFS(COUNTIF($V$3:$V$18, G61)<>0, "S", COUNTIF($W$3:$W$99, G61)<>0, "E", COUNTIF($X$3, G61)<>0, "I", COUNTIF($Y$3:$Y$8, G61)<>0, "W")} -> E | I61: =SUMIF(OFFSET(INDIRECT("B"&$F61), 4, 0):INDIRECT("B"&$F62), "*"&$I$2&"*", OFFSET(INDIRECT("C"&$F61), 4, 0):OFFSET(INDIRECT("C"&$F62), -1, 0)) -> 116.8 | J61: =SUMIF(OFFSET(INDIRECT("B"&$F61), 4, 0):INDIRECT("B"&$F62), "*"&$J$2&"*", OFFSET(INDIRECT("C"&$F61), 4, 0):OFFSET(INDIRECT("C"&$F62), -1, 0)) -> 115.2 | K61: =SUMIF(OFFSET(INDIRECT("B"&$F61), 4, 0):INDIRECT("B"&$F62), "*"&$K$2&"*", OFFSET(INDIRECT("C"&$F61), 4, 0):OFFSET(INDIRECT("C"&$F62), -1, 0)) -> 40 | L61: =SUMIF(OFFSET(INDIRECT("B"&$F61), 4, 0):INDIRECT("B"&$F62), "*"&$L$2&"*", OFFSET(INDIRECT("C"&$F61), 4, 0):OFFSET(INDIRECT("C"&$F62), -1, 0)) -> 38.4 | M61: =SUMIF(OFFSET(INDIRECT("B"&$F61), 4, 0):INDIRECT("B"&$F62), "*"&$M$2&"*", OFFSET(INDIRECT("C"&$F61), 4, 0):OFFSET(INDIRECT("C"&$F62), -1, 0)) -> 0 | N61: =SUMIF(OFFSET(INDIRECT("B"&$F61), 4, 0):INDIRECT("B"&$F62), "*"&$N$2&"*", OFFSET(INDIRECT("C"&$F61), 4, 0):OFFSET(INDIRECT("C"&$F62), -1, 0)) -> 57.5 | O61: =SUMIF(OFFSET(INDIRECT("B"&$F61), 4, 0):INDIRECT("B"&$F62), "*"&$O$2&"*", OFFSET(INDIRECT("C"&$F61), 4, 0):OFFSET(INDIRECT("C"&$F62), -1, 0)) -> 0 | P61: =SUMIF(OFFSET(INDIRECT("B"&$F61), 4, 0):INDIRECT("B"&$F62), "*"&$P$2&"*", OFFSET(INDIRECT("C"&$F61), 4, 0):OFFSET(INDIRECT("C"&$F62), -1, 0)) -> 57.5 | Q61: =SUM($I61:$P61) -> 425.4 | S61: Scotland | T61: =SUMIF($H$3:$H$120, "S", $P$3:$P$120) -> 26788.44 | W61: OX
A62: =IF(COUNTIF($V$3:$Y$99, $B62)<>0, ROW($B62), 0) -> 0 | B62: Total Sales | C62: 601.4 | F62: {=INDEX(OFFSET(INDIRECT("A"&F61), 1, 0):OFFSET(OFFSET(INDIRECT("A"&F61), 1, 0), 100, 0),MATCH(TRUE,INDEX(OFFSET(INDIRECT("A"&F61), 1, 0):OFFSET(OFFSET(INDIRECT("A"&F61), 1, 0), 100, 0)<>0,),0))} -> 1561 | G62: {=INDIRECT("B"&$F62)} -> CH | H62: {=_xlfn.IFS(COUNTIF($V$3:$V$18, G62)<>0, "S", COUNTIF($W$3:$W$99, G62)<>0, "E", COUNTIF($X$3, G62)<>0, "I", COUNTIF($Y$3:$Y$8, G62)<>0, "W")} -> E | I62: =SUMIF(OFFSET(INDIRECT("B"&$F62), 4, 0):INDIRECT("B"&$F63), "*"&$I$2&"*", OFFSET(INDIRECT("C"&$F62), 4, 0):OFFSET(INDIRECT("C"&$F63), -1, 0)) -> 668.4 | J62: =SUMIF(OFFSET(INDIRECT("B"&$F62), 4, 0):INDIRECT("B"&$F63), "*"&$J$2&"*", OFFSET(INDIRECT("C"&$F62), 4, 0):OFFSET(INDIRECT("C"&$F63), -1, 0)) -> 54.8 | K62: =SUMIF(OFFSET(INDIRECT("B"&$F62), 4, 0):INDIRECT("B"&$F63), "*"&$K$2&"*", OFFSET(INDIRECT("C"&$F62), 4, 0):OFFSET(INDIRECT("C"&$F63), -1, 0)) -> 38.4 | L62: =SUMIF(OFFSET(INDIRECT("B"&$F62), 4, 0):INDIRECT("B"&$F63), "*"&$L$2&"*", OFFSET(INDIRECT("C"&$F62), 4, 0):OFFSET(INDIRECT("C"&$F63), -1, 0)) -> 15.99 | M62: =SUMIF(OFFSET(INDIRECT("B"&$F62), 4, 0):INDIRECT("B"&$F63), "*"&$M$2&"*", OFFSET(INDIRECT("C"&$F62), 4, 0):OFFSET(INDIRECT("C"&$F63), -1, 0)) -> 102.4 | N62: =SUMIF(OFFSET(INDIRECT("B"&$F62), 4, 0):INDIRECT("B"&$F63), "*"&$N$2&"*", OFFSET(INDIRECT("C"&$F62), 4, 0):OFFSET(INDIRECT("C"&$F63), -1, 0)) -> 57.5 | O62: =SUMIF(OFFSET(INDIRECT("B"&$F62), 4, 0):INDIRECT("B"&$F63), "*"&$O$2&"*", OFFSET(INDIRECT("C"&$F62), 4, 0):OFFSET(INDIRECT("C"&$F63), -1, 0)) -> 0 | P62: =SUMIF(OFFSET(INDIRECT("B"&$F62), 4, 0):INDIRECT("B"&$F63), "*"&$P$2&"*", OFFSET(INDIRECT("C"&$F62), 4, 0):OFFSET(INDIRECT("C"&$F63), -1, 0)) -> 174.3 | Q62: =SUM($I62:$P62) -> 1111.79 | S62: N.Ireland | T62: =SUMIF($H$3:$H$120, "I", $P$3:$P$120) -> 421.1 | W62: PE
A63: =IF(COUNTIF($V$3:$Y$99, $B63)<>0, ROW($B63), 0) -> 0 | B63: Product Name | C63: Sales | D63: Quantity | F63: {=INDEX(OFFSET(INDIRECT("A"&F62), 1, 0):OFFSET(OFFSET(INDIRECT("A"&F62), 1, 0), 100, 0),MATCH(TRUE,INDEX(OFFSET(INDIRECT("A"&F62), 1, 0):OFFSET(OFFSET(INDIRECT("A"&F62), 1, 0), 100, 0)<>0,),0))} -> 1585 | G63: {=INDIRECT("B"&$F63)} -> DE | H63: {=_xlfn.IFS(COUNTIF($V$3:$V$18, G63)<>0, "S", COUNTIF($W$3:$W$99, G63)<>0, "E", COUNTIF($X$3, G63)<>0, "I", COUNTIF($Y$3:$Y$8, G63)<>0, "W")} -> E | I63: =SUMIF(OFFSET(INDIRECT("B"&$F63), 4, 0):INDIRECT("B"&$F64), "*"&$I$2&"*", OFFSET(INDIRECT("C"&$F63), 4, 0):OFFSET(INDIRECT("C"&$F64), -1, 0)) -> 1836 | J63: =SUMIF(OFFSET(INDIRECT("B"&$F63), 4, 0):INDIRECT("B"&$F64), "*"&$J$2&"*", OFFSET(INDIRECT("C"&$F63), 4, 0):OFFSET(INDIRECT("C"&$F64), -1, 0)) -> 54.8 | K63: =SUMIF(OFFSET(INDIRECT("B"&$F63), 4, 0):INDIRECT("B"&$F64), "*"&$K$2&"*", OFFSET(INDIRECT("C"&$F63), 4, 0):OFFSET(INDIRECT("C"&$F64), -1, 0)) -> 38.4 | L63: =SUMIF(OFFSET(INDIRECT("B"&$F63), 4, 0):INDIRECT("B"&$F64), "*"&$L$2&"*", OFFSET(INDIRECT("C"&$F63), 4, 0):OFFSET(INDIRECT("C"&$F64), -1, 0)) -> 189.59 | M63: =SUMIF(OFFSET(INDIRECT("B"&$F63), 4, 0):INDIRECT("B"&$F64), "*"&$M$2&"*", OFFSET(INDIRECT("C"&$F63), 4, 0):OFFSET(INDIRECT("C"&$F64), -1, 0)) -> 170 | N63: =SUMIF(OFFSET(INDIRECT("B"&$F63), 4, 0):INDIRECT("B"&$F64), "*"&$N$2&"*", OFFSET(INDIRECT("C"&$F63), 4, 0):OFFSET(INDIRECT("C"&$F64), -1, 0)) -> 38.4 | O63: =SUMIF(OFFSET(INDIRECT("B"&$F63), 4, 0):INDIRECT("B"&$F64), "*"&$O$2&"*", OFFSET(INDIRECT("C"&$F63), 4, 0):OFFSET(INDIRECT("C"&$F64), -1, 0)) -> 38.4 | P63: =SUMIF(OFFSET(INDIRECT("B"&$F63), 4, 0):INDIRECT("B"&$F64), "*"&$P$2&"*", OFFSET(INDIRECT("C"&$F63), 4, 0):OFFSET(INDIRECT("C"&$F64), -1, 0)) -> 393.45 | Q63: =SUM($I63:$P63) -> 2759.04 | S63: Wales | T63: =SUMIF($H$3:$H$120, "W", $P$3:$P$120) -> 1719.05 | W63: PL
A64: =IF(COUNTIF($V$3:$Y$99, $B64)<>0, ROW($B64), 0) -> 0 | B64: Elderflower - 20L Ciderbox 20L Ciderbox | C64: 192 | D64: 3 | F64: {=INDEX(OFFSET(INDIRECT("A"&F63), 1, 0):OFFSET(OFFSET(INDIRECT("A"&F63), 1, 0), 100, 0),MATCH(TRUE,INDEX(OFFSET(INDIRECT("A"&F63), 1, 0):OFFSET(OFFSET(INDIRECT("A"&F63), 1, 0), 100, 0)<>0,),0))} -> 1631 | G64: {=INDIRECT("B"&$F64)} -> ME | H64: {=_xlfn.IFS(COUNTIF($V$3:$V$18, G64)<>0, "S", COUNTIF($W$3:$W$99, G64)<>0, "E", COUNTIF($X$3, G64)<>0, "I", COUNTIF($Y$3:$Y$8, G64)<>0, "W")} -> E | I64: =SUMIF(OFFSET(INDIRECT("B"&$F64), 4, 0):INDIRECT("B"&$F65), "*"&$I$2&"*", OFFSET(INDIRECT("C"&$F64), 4, 0):OFFSET(INDIRECT("C"&$F65), -1, 0)) -> 693.2 | J64: =SUMIF(OFFSET(INDIRECT("B"&$F64), 4, 0):INDIRECT("B"&$F65), "*"&$J$2&"*", OFFSET(INDIRECT("C"&$F64), 4, 0):OFFSET(INDIRECT("C"&$F65), -1, 0)) -> 0 | K64: =SUMIF(OFFSET(INDIRECT("B"&$F64), 4, 0):INDIRECT("B"&$F65), "*"&$K$2&"*", OFFSET(INDIRECT("C"&$F64), 4, 0):OFFSET(INDIRECT("C"&$F65), -1, 0)) -> 0 | L64: =SUMIF(OFFSET(INDIRECT("B"&$F64), 4, 0):INDIRECT("B"&$F65), "*"&$L$2&"*", OFFSET(INDIRECT("C"&$F64), 4, 0):OFFSET(INDIRECT("C"&$F65), -1, 0)) -> 80.9 | M64: =SUMIF(OFFSET(INDIRECT("B"&$F64), 4, 0):INDIRECT("B"&$F65), "*"&$M$2&"*", OFFSET(INDIRECT("C"&$F64), 4, 0):OFFSET(INDIRECT("C"&$F65), -1, 0)) -> 0 | N64: =SUMIF(OFFSET(INDIRECT("B"&$F64), 4, 0):INDIRECT("B"&$F65), "*"&$N$2&"*", OFFSET(INDIRECT("C"&$F64), 4, 0):OFFSET(INDIRECT("C"&$F65), -1, 0)) -> 28.75 | O64: =SUMIF(OFFSET(INDIRECT("B"&$F64), 4, 0):INDIRECT("B"&$F65), "*"&$O$2&"*", OFFSET(INDIRECT("C"&$F64), 4, 0):OFFSET(INDIRECT("C"&$F65), -1, 0)) -> 0 | P64: =SUMIF(OFFSET(INDIRECT("B"&$F64), 4, 0):INDIRECT("B"&$F65), "*"&$P$2&"*", OFFSET(INDIRECT("C"&$F64), 4, 0):OFFSET(INDIRECT("C"&$F65), -1, 0)) -> 202.8 | Q64: =SUM($I64:$P64) -> 1005.65 | S64: Total | T64: =SUM(T60:T63) -> 50248.89 | W64: PO
A65: =IF(COUNTIF($V$3:$Y$99, $B65)<>0, ROW($B65), 0) -> 0 | B65: Elderflower - 2x5L Ciderbox 2 x 5L Ciderbox | C65: 40 | D65: 1 | F65: {=INDEX(OFFSET(INDIRECT("A"&F64), 1, 0):OFFSET(OFFSET(INDIRECT("A"&F64), 1, 0), 100, 0),MATCH(TRUE,INDEX(OFFSET(INDIRECT("A"&F64), 1, 0):OFFSET(OFFSET(INDIRECT("A"&F64), 1, 0), 100, 0)<>0,),0))} -> 1649 | G65: {=INDIRECT("B"&$F65)} -> SO | H65: {=_xlfn.IFS(COUNTIF($V$3:$V$18, G65)<>0, "S", COUNTIF($W$3:$W$99, G65)<>0, "E", COUNTIF($X$3, G65)<>0, "I", COUNTIF($Y$3:$Y$8, G65)<>0, "W")} -> E | I65: =SUMIF(OFFSET(INDIRECT("B"&$F65), 4, 0):INDIRECT("B"&$F66), "*"&$I$2&"*", OFFSET(INDIRECT("C"&$F65), 4, 0):OFFSET(INDIRECT("C"&$F66), -1, 0)) -> 1408.3 | J65: =SUMIF(OFFSET(INDIRECT("B"&$F65), 4, 0):INDIRECT("B"&$F66), "*"&$J$2&"*", OFFSET(INDIRECT("C"&$F65), 4, 0):OFFSET(INDIRECT("C"&$F66), -1, 0)) -> 34.56 | K65: =SUMIF(OFFSET(INDIRECT("B"&$F65), 4, 0):INDIRECT("B"&$F66), "*"&$K$2&"*", OFFSET(INDIRECT("C"&$F65), 4, 0):OFFSET(INDIRECT("C"&$F66), -1, 0)) -> 38.4 | L65: =SUMIF(OFFSET(INDIRECT("B"&$F65), 4, 0):INDIRECT("B"&$F66), "*"&$L$2&"*", OFFSET(INDIRECT("C"&$F65), 4, 0):OFFSET(INDIRECT("C"&$F66), -1, 0)) -> 308.3 | M65: =SUMIF(OFFSET(INDIRECT("B"&$F65), 4, 0):INDIRECT("B"&$F66), "*"&$M$2&"*", OFFSET(INDIRECT("C"&$F65), 4, 0):OFFSET(INDIRECT("C"&$F66), -1, 0)) -> 283.2 | N65: =SUMIF(OFFSET(INDIRECT("B"&$F65), 4, 0):INDIRECT("B"&$F66), "*"&$N$2&"*", OFFSET(INDIRECT("C"&$F65), 4, 0):OFFSET(INDIRECT("C"&$F66), -1, 0)) -> 72.96 | O65: =SUMIF(OFFSET(INDIRECT("B"&$F65), 4, 0):INDIRECT("B"&$F66), "*"&$O$2&"*", OFFSET(INDIRECT("C"&$F65), 4, 0):OFFSET(INDIRECT("C"&$F66), -1, 0)) -> 0 | P65: =SUMIF(OFFSET(INDIRECT("B"&$F65), 4, 0):INDIRECT("B"&$F66), "*"&$P$2&"*", OFFSET(INDIRECT("C"&$F65), 4, 0):OFFSET(INDIRECT("C"&$F66), -1, 0)) -> 494.75 | Q65: =SUM($I65:$P65) -> 2640.47 | W65: PR
A66: =IF(COUNTIF($V$3:$Y$99, $B66)<>0, ROW($B66), 0) -> 0 | B66: Whisky Cask - Bottle 24 x 330ml | C66: 38.4 | D66: 1 | F66: {=INDEX(OFFSET(INDIRECT("A"&F65), 1, 0):OFFSET(OFFSET(INDIRECT("A"&F65), 1, 0), 100, 0),MATCH(TRUE,INDEX(OFFSET(INDIRECT("A"&F65), 1, 0):OFFSET(OFFSET(INDIRECT("A"&F65), 1, 0), 100, 0)<>0,),0))} -> 1674 | G66: {=INDIRECT("B"&$F66)} -> ST | H66: {=_xlfn.IFS(COUNTIF($V$3:$V$18, G66)<>0, "S", COUNTIF($W$3:$W$99, G66)<>0, "E", COUNTIF($X$3, G66)<>0, "I", COUNTIF($Y$3:$Y$8, G66)<>0, "W")} -> E | I66: =SUMIF(OFFSET(INDIRECT("B"&$F66), 4, 0):INDIRECT("B"&$F67), "*"&$I$2&"*", OFFSET(INDIRECT("C"&$F66), 4, 0):OFFSET(INDIRECT("C"&$F67), -1, 0)) -> 1355.2 | J66: =SUMIF(OFFSET(INDIRECT("B"&$F66), 4, 0):INDIRECT("B"&$F67), "*"&$J$2&"*", OFFSET(INDIRECT("C"&$F66), 4, 0):OFFSET(INDIRECT("C"&$F67), -1, 0)) -> 0 | K66: =SUMIF(OFFSET(INDIRECT("B"&$F66), 4, 0):INDIRECT("B"&$F67), "*"&$K$2&"*", OFFSET(INDIRECT("C"&$F66), 4, 0):OFFSET(INDIRECT("C"&$F67), -1, 0)) -> 38.4 | L66: =SUMIF(OFFSET(INDIRECT("B"&$F66), 4, 0):INDIRECT("B"&$F67), "*"&$L$2&"*", OFFSET(INDIRECT("C"&$F66), 4, 0):OFFSET(INDIRECT("C"&$F67), -1, 0)) -> 0 | M66: =SUMIF(OFFSET(INDIRECT("B"&$F66), 4, 0):INDIRECT("B"&$F67), "*"&$M$2&"*", OFFSET(INDIRECT("C"&$F66), 4, 0):OFFSET(INDIRECT("C"&$F67), -1, 0)) -> 102.4 | N66: =SUMIF(OFFSET(INDIRECT("B"&$F66), 4, 0):INDIRECT("B"&$F67), "*"&$N$2&"*", OFFSET(INDIRECT("C"&$F66), 4, 0):OFFSET(INDIRECT("C"&$F67), -1, 0)) -> 0 | O66: =SUMIF(OFFSET(INDIRECT("B"&$F66), 4, 0):INDIRECT("B"&$F67), "*"&$O$2&"*", OFFSET(INDIRECT("C"&$F66), 4, 0):OFFSET(INDIRECT("C"&$F67), -1, 0)) -> 38.4 | P66: =SUMIF(OFFSET(INDIRECT("B"&$F66), 4, 0):INDIRECT("B"&$F67), "*"&$P$2&"*", OFFSET(INDIRECT("C"&$F66), 4, 0):OFFSET(INDIRECT("C"&$F67), -1, 0)) -> 95.9 | Q66: =SUM($I66:$P66) -> 1630.3 | W66: RG
A67: =IF(COUNTIF($V$3:$Y$99, $B67)<>0, ROW($B67), 0) -> 0 | B67: Elderflower - Bottle 24 x 500ml | C67: 109.6 | D67: 2 | F67: {=INDEX(OFFSET(INDIRECT("A"&F66), 1, 0):OFFSET(OFFSET(INDIRECT("A"&F66), 1, 0), 100, 0),MATCH(TRUE,INDEX(OFFSET(INDIRECT("A"&F66), 1, 0):OFFSET(OFFSET(INDIRECT("A"&F66), 1, 0), 100, 0)<>0,),0))} -> 1696 | G67: {=INDIRECT("B"&$F67)} -> LE | H67: {=_xlfn.IFS(COUNTIF($V$3:$V$18, G67)<>0, "S", COUNTIF($W$3:$W$99, G67)<>0, "E", COUNTIF($X$3, G67)<>0, "I", COUNTIF($Y$3:$Y$8, G67)<>0, "W")} -> E | I67: =SUMIF(OFFSET(INDIRECT("B"&$F67), 4, 0):INDIRECT("B"&$F68), "*"&$I$2&"*", OFFSET(INDIRECT("C"&$F67), 4, 0):OFFSET(INDIRECT("C"&$F68), -1, 0)) -> 1229.95 | J67: =SUMIF(OFFSET(INDIRECT("B"&$F67), 4, 0):INDIRECT("B"&$F68), "*"&$J$2&"*", OFFSET(INDIRECT("C"&$F67), 4, 0):OFFSET(INDIRECT("C"&$F68), -1, 0)) -> 38.4 | K67: =SUMIF(OFFSET(INDIRECT("B"&$F67), 4, 0):INDIRECT("B"&$F68), "*"&$K$2&"*", OFFSET(INDIRECT("C"&$F67), 4, 0):OFFSET(INDIRECT("C"&$F68), -1, 0)) -> 0 | L67: =SUMIF(OFFSET(INDIRECT("B"&$F67), 4, 0):INDIRECT("B"&$F68), "*"&$L$2&"*", OFFSET(INDIRECT("C"&$F67), 4, 0):OFFSET(INDIRECT("C"&$F68), -1, 0)) -> 158.73 | M67: =SUMIF(OFFSET(INDIRECT("B"&$F67), 4, 0):INDIRECT("B"&$F68), "*"&$M$2&"*", OFFSET(INDIRECT("C"&$F67), 4, 0):OFFSET(INDIRECT("C"&$F68), -1, 0)) -> 54.8 | N67: =SUMIF(OFFSET(INDIRECT("B"&$F67), 4, 0):INDIRECT("B"&$F68), "*"&$N$2&"*", OFFSET(INDIRECT("C"&$F67), 4, 0):OFFSET(INDIRECT("C"&$F68), -1, 0)) -> 76.8 | O67: =SUMIF(OFFSET(INDIRECT("B"&$F67), 4, 0):INDIRECT("B"&$F68), "*"&$O$2&"*", OFFSET(INDIRECT("C"&$F67), 4, 0):OFFSET(INDIRECT("C"&$F68), -1, 0)) -> 0 | P67: =SUMIF(OFFSET(INDIRECT("B"&$F67), 4, 0):INDIRECT("B"&$F68), "*"&$P$2&"*", OFFSET(INDIRECT("C"&$F67), 4, 0):OFFSET(INDIRECT("C"&$F68), -1, 0)) -> 109.6 | Q67: =SUM($I67:$P67) -> 1668.28 | W67: RH
A68: =IF(COUNTIF($V$3:$Y$99, $B68)<>0, ROW($B68), 0) -> 0 | B68: Ginger - Bottle 24 x 330ml | C68: 38.4 | D68: 1 | F68: {=INDEX(OFFSET(INDIRECT("A"&F67), 1, 0):OFFSET(OFFSET(INDIRECT("A"&F67), 1, 0), 100, 0),MATCH(TRUE,INDEX(OFFSET(INDIRECT("A"&F67), 1, 0):OFFSET(OFFSET(INDIRECT("A"&F67), 1, 0), 100, 0)<>0,),0))} -> 1717 | G68: {=INDIRECT("B"&$F68)} -> TW | H68: {=_xlfn.IFS(COUNTIF($V$3:$V$18, G68)<>0, "S", COUNTIF($W$3:$W$99, G68)<>0, "E", COUNTIF($X$3, G68)<>0, "I", COUNTIF($Y$3:$Y$8, G68)<>0, "W")} -> E | I68: =SUMIF(OFFSET(INDIRECT("B"&$F68), 4, 0):INDIRECT("B"&$F69), "*"&$I$2&"*", OFFSET(INDIRECT("C"&$F68), 4, 0):OFFSET(INDIRECT("C"&$F69), -1, 0)) -> 685.2 | J68: =SUMIF(OFFSET(INDIRECT("B"&$F68), 4, 0):INDIRECT("B"&$F69), "*"&$J$2&"*", OFFSET(INDIRECT("C"&$F68), 4, 0):OFFSET(INDIRECT("C"&$F69), -1, 0)) -> 0 | K68: =SUMIF(OFFSET(INDIRECT("B"&$F68), 4, 0):INDIRECT("B"&$F69), "*"&$K$2&"*", OFFSET(INDIRECT("C"&$F68), 4, 0):OFFSET(INDIRECT("C"&$F69), -1, 0)) -> 28.75 | L68: =SUMIF(OFFSET(INDIRECT("B"&$F68), 4, 0):INDIRECT("B"&$F69), "*"&$L$2&"*", OFFSET(INDIRECT("C"&$F68), 4, 0):OFFSET(INDIRECT("C"&$F69), -1, 0)) -> 0 | M68: =SUMIF(OFFSET(INDIRECT("B"&$F68), 4, 0):INDIRECT("B"&$F69), "*"&$M$2&"*", OFFSET(INDIRECT("C"&$F68), 4, 0):OFFSET(INDIRECT("C"&$F69), -1, 0)) -> 109.6 | N68: =SUMIF(OFFSET(INDIRECT("B"&$F68), 4, 0):INDIRECT("B"&$F69), "*"&$N$2&"*", OFFSET(INDIRECT("C"&$F68), 4, 0):OFFSET(INDIRECT("C"&$F69), -1, 0)) -> 0 | O68: =SUMIF(OFFSET(INDIRECT("B"&$F68), 4, 0):INDIRECT("B"&$F69), "*"&$O$2&"*", OFFSET(INDIRECT("C"&$F68), 4, 0):OFFSET(INDIRECT("C"&$F69), -1, 0)) -> 0 | P68: =SUMIF(OFFSET(INDIRECT("B"&$F68), 4, 0):INDIRECT("B"&$F69), "*"&$P$2&"*", OFFSET(INDIRECT("C"&$F68), 4, 0):OFFSET(INDIRECT("C"&$F69), -1, 0)) -> 105.55 | Q68: =SUM($I68:$P68) -> 929.1 | W68: RM
A69: =IF(COUNTIF($V$3:$Y$99, $B69)<>0, ROW($B69), 0) -> 0 | B69: Whisky Cask - Bottle 24 x 500ml | C69: 54.8 | D69: 1 | F69: {=INDEX(OFFSET(INDIRECT("A"&F68), 1, 0):OFFSET(OFFSET(INDIRECT("A"&F68), 1, 0), 100, 0),MATCH(TRUE,INDEX(OFFSET(INDIRECT("A"&F68), 1, 0):OFFSET(OFFSET(INDIRECT("A"&F68), 1, 0), 100, 0)<>0,),0))} -> 1732 | G69: {=INDIRECT("B"&$F69)} -> NR | H69: {=_xlfn.IFS(COUNTIF($V$3:$V$18, G69)<>0, "S", COUNTIF($W$3:$W$99, G69)<>0, "E", COUNTIF($X$3, G69)<>0, "I", COUNTIF($Y$3:$Y$8, G69)<>0, "W")} -> E | I69: =SUMIF(OFFSET(INDIRECT("B"&$F69), 4, 0):INDIRECT("B"&$F70), "*"&$I$2&"*", OFFSET(INDIRECT("C"&$F69), 4, 0):OFFSET(INDIRECT("C"&$F70), -1, 0)) -> 618.4 | J69: =SUMIF(OFFSET(INDIRECT("B"&$F69), 4, 0):INDIRECT("B"&$F70), "*"&$J$2&"*", OFFSET(INDIRECT("C"&$F69), 4, 0):OFFSET(INDIRECT("C"&$F70), -1, 0)) -> 0 | K69: =SUMIF(OFFSET(INDIRECT("B"&$F69), 4, 0):INDIRECT("B"&$F70), "*"&$K$2&"*", OFFSET(INDIRECT("C"&$F69), 4, 0):OFFSET(INDIRECT("C"&$F70), -1, 0)) -> 38.4 | L69: =SUMIF(OFFSET(INDIRECT("B"&$F69), 4, 0):INDIRECT("B"&$F70), "*"&$L$2&"*", OFFSET(INDIRECT("C"&$F69), 4, 0):OFFSET(INDIRECT("C"&$F70), -1, 0)) -> 0 | M69: =SUMIF(OFFSET(INDIRECT("B"&$F69), 4, 0):INDIRECT("B"&$F70), "*"&$M$2&"*", OFFSET(INDIRECT("C"&$F69), 4, 0):OFFSET(INDIRECT("C"&$F70), -1, 0)) -> 131.6 | N69: =SUMIF(OFFSET(INDIRECT("B"&$F69), 4, 0):INDIRECT("B"&$F70), "*"&$N$2&"*", OFFSET(INDIRECT("C"&$F69), 4, 0):OFFSET(INDIRECT("C"&$F70), -1, 0)) -> 28.75 | O69: =SUMIF(OFFSET(INDIRECT("B"&$F69), 4, 0):INDIRECT("B"&$F70), "*"&$O$2&"*", OFFSET(INDIRECT("C"&$F69), 4, 0):OFFSET(INDIRECT("C"&$F70), -1, 0)) -> 0 | P69: =SUMIF(OFFSET(INDIRECT("B"&$F69), 4, 0):INDIRECT("B"&$F70), "*"&$P$2&"*", OFFSET(INDIRECT("C"&$F69), 4, 0):OFFSET(INDIRECT("C"&$F70), -1, 0)) -> 208.4 | Q69: =SUM($I69:$P69) -> 1025.55 | W69: S
A70: =IF(COUNTIF($V$3:$Y$99, $B70)<>0, ROW($B70), 0) -> 0 | B70: Traditional - Bottle 24 x 500ml | C70: 54.8 | D70: 1 | F70: {=INDEX(OFFSET(INDIRECT("A"&F69), 1, 0):OFFSET(OFFSET(INDIRECT("A"&F69), 1, 0), 100, 0),MATCH(TRUE,INDEX(OFFSET(INDIRECT("A"&F69), 1, 0):OFFSET(OFFSET(INDIRECT("A"&F69), 1, 0), 100, 0)<>0,),0))} -> 1749 | G70: {=INDIRECT("B"&$F70)} -> HP | H70: {=_xlfn.IFS(COUNTIF($V$3:$V$18, G70)<>0, "S", COUNTIF($W$3:$W$99, G70)<>0, "E", COUNTIF($X$3, G70)<>0, "I", COUNTIF($Y$3:$Y$8, G70)<>0, "W")} -> E | I70: =SUMIF(OFFSET(INDIRECT("B"&$F70), 4, 0):INDIRECT("B"&$F71), "*"&$I$2&"*", OFFSET(INDIRECT("C"&$F70), 4, 0):OFFSET(INDIRECT("C"&$F71), -1, 0)) -> 926 | J70: =SUMIF(OFFSET(INDIRECT("B"&$F70), 4, 0):INDIRECT("B"&$F71), "*"&$J$2&"*", OFFSET(INDIRECT("C"&$F70), 4, 0):OFFSET(INDIRECT("C"&$F71), -1, 0)) -> 0 | K70: =SUMIF(OFFSET(INDIRECT("B"&$F70), 4, 0):INDIRECT("B"&$F71), "*"&$K$2&"*", OFFSET(INDIRECT("C"&$F70), 4, 0):OFFSET(INDIRECT("C"&$F71), -1, 0)) -> 0 | L70: =SUMIF(OFFSET(INDIRECT("B"&$F70), 4, 0):INDIRECT("B"&$F71), "*"&$L$2&"*", OFFSET(INDIRECT("C"&$F70), 4, 0):OFFSET(INDIRECT("C"&$F71), -1, 0)) -> 295.59 | M70: =SUMIF(OFFSET(INDIRECT("B"&$F70), 4, 0):INDIRECT("B"&$F71), "*"&$M$2&"*", OFFSET(INDIRECT("C"&$F70), 4, 0):OFFSET(INDIRECT("C"&$F71), -1, 0)) -> 38.4 | N70: =SUMIF(OFFSET(INDIRECT("B"&$F70), 4, 0):INDIRECT("B"&$F71), "*"&$N$2&"*", OFFSET(INDIRECT("C"&$F70), 4, 0):OFFSET(INDIRECT("C"&$F71), -1, 0)) -> 57.5 | O70: =SUMIF(OFFSET(INDIRECT("B"&$F70), 4, 0):INDIRECT("B"&$F71), "*"&$O$2&"*", OFFSET(INDIRECT("C"&$F70), 4, 0):OFFSET(INDIRECT("C"&$F71), -1, 0)) -> 38.4 | P70: =SUMIF(OFFSET(INDIRECT("B"&$F70), 4, 0):INDIRECT("B"&$F71), "*"&$P$2&"*", OFFSET(INDIRECT("C"&$F70), 4, 0):OFFSET(INDIRECT("C"&$F71), -1, 0)) -> 362 | Q70: =SUM($I70:$P70) -> 1717.89 | W70: SE
A71: =IF(COUNTIF($V$3:$Y$99, $B71)<>0, ROW($B71), 0) -> 0 | B71: Thistly Cross Selection Box Gift Box | C71: 35 | D71: 1 | F71: {=INDEX(OFFSET(INDIRECT("A"&F70), 1, 0):OFFSET(OFFSET(INDIRECT("A"&F70), 1, 0), 100, 0),MATCH(TRUE,INDEX(OFFSET(INDIRECT("A"&F70), 1, 0):OFFSET(OFFSET(INDIRECT("A"&F70), 1, 0), 100, 0)<>0,),0))} -> 1772 | G71: {=INDIRECT("B"&$F71)} -> ZE | H71: {=_xlfn.IFS(COUNTIF($V$3:$V$18, G71)<>0, "S", COUNTIF($W$3:$W$99, G71)<>0, "E", COUNTIF($X$3, G71)<>0, "I", COUNTIF($Y$3:$Y$8, G71)<>0, "W")} -> S | I71: =SUMIF(OFFSET(INDIRECT("B"&$F71), 4, 0):INDIRECT("B"&$F72), "*"&$I$2&"*", OFFSET(INDIRECT("C"&$F71), 4, 0):OFFSET(INDIRECT("C"&$F72), -1, 0)) -> 112 | J71: =SUMIF(OFFSET(INDIRECT("B"&$F71), 4, 0):INDIRECT("B"&$F72), "*"&$J$2&"*", OFFSET(INDIRECT("C"&$F71), 4, 0):OFFSET(INDIRECT("C"&$F72), -1, 0)) -> 0 | K71: =SUMIF(OFFSET(INDIRECT("B"&$F71), 4, 0):INDIRECT("B"&$F72), "*"&$K$2&"*", OFFSET(INDIRECT("C"&$F71), 4, 0):OFFSET(INDIRECT("C"&$F72), -1, 0)) -> 0 | L71: =SUMIF(OFFSET(INDIRECT("B"&$F71), 4, 0):INDIRECT("B"&$F72), "*"&$L$2&"*", OFFSET(INDIRECT("C"&$F71), 4, 0):OFFSET(INDIRECT("C"&$F72), -1, 0)) -> 0 | M71: =SUMIF(OFFSET(INDIRECT("B"&$F71), 4, 0):INDIRECT("B"&$F72), "*"&$M$2&"*", OFFSET(INDIRECT("C"&$F71), 4, 0):OFFSET(INDIRECT("C"&$F72), -1, 0)) -> 38.4 | N71: =SUMIF(OFFSET(INDIRECT("B"&$F71), 4, 0):INDIRECT("B"&$F72), "*"&$N$2&"*", OFFSET(INDIRECT("C"&$F71), 4, 0):OFFSET(INDIRECT("C"&$F72), -1, 0)) -> 34.56 | O71: =SUMIF(OFFSET(INDIRECT("B"&$F71), 4, 0):INDIRECT("B"&$F72), "*"&$O$2&"*", OFFSET(INDIRECT("C"&$F71), 4, 0):OFFSET(INDIRECT("C"&$F72), -1, 0)) -> 0 | P71: =SUMIF(OFFSET(INDIRECT("B"&$F71), 4, 0):INDIRECT("B"&$F72), "*"&$P$2&"*", OFFSET(INDIRECT("C"&$F71), 4, 0):OFFSET(INDIRECT("C"&$F72), -1, 0)) -> 38.4 | Q71: =SUM($I71:$P71) -> 223.36 | W71: SG
A72: =IF(COUNTIF($V$3:$Y$99, $B72)<>0, ROW($B72), 0) -> 0 | B72: Mix & Match 330ml Bottle Case (24 Bottles) | C72: 38.4 | D72: 1 | F72: {=INDEX(OFFSET(INDIRECT("A"&F71), 1, 0):OFFSET(OFFSET(INDIRECT("A"&F71), 1, 0), 100, 0),MATCH(TRUE,INDEX(OFFSET(INDIRECT("A"&F71), 1, 0):OFFSET(OFFSET(INDIRECT("A"&F71), 1, 0), 100, 0)<>0,),0))} -> 1787 | G72: {=INDIRECT("B"&$F72)} -> NN | H72: {=_xlfn.IFS(COUNTIF($V$3:$V$18, G72)<>0, "S", COUNTIF($W$3:$W$99, G72)<>0, "E", COUNTIF($X$3, G72)<>0, "I", COUNTIF($Y$3:$Y$8, G72)<>0, "W")} -> E | I72: =SUMIF(OFFSET(INDIRECT("B"&$F72), 4, 0):INDIRECT("B"&$F73), "*"&$I$2&"*", OFFSET(INDIRECT("C"&$F72), 4, 0):OFFSET(INDIRECT("C"&$F73), -1, 0)) -> 1110.8 | J72: =SUMIF(OFFSET(INDIRECT("B"&$F72), 4, 0):INDIRECT("B"&$F73), "*"&$J$2&"*", OFFSET(INDIRECT("C"&$F72), 4, 0):OFFSET(INDIRECT("C"&$F73), -1, 0)) -> 64 | K72: =SUMIF(OFFSET(INDIRECT("B"&$F72), 4, 0):INDIRECT("B"&$F73), "*"&$K$2&"*", OFFSET(INDIRECT("C"&$F72), 4, 0):OFFSET(INDIRECT("C"&$F73), -1, 0)) -> 28.75 | L72: =SUMIF(OFFSET(INDIRECT("B"&$F72), 4, 0):INDIRECT("B"&$F73), "*"&$L$2&"*", OFFSET(INDIRECT("C"&$F72), 4, 0):OFFSET(INDIRECT("C"&$F73), -1, 0)) -> 151.69 | M72: =SUMIF(OFFSET(INDIRECT("B"&$F72), 4, 0):INDIRECT("B"&$F73), "*"&$M$2&"*", OFFSET(INDIRECT("C"&$F72), 4, 0):OFFSET(INDIRECT("C"&$F73), -1, 0)) -> 321.2 | N72: =SUMIF(OFFSET(INDIRECT("B"&$F72), 4, 0):INDIRECT("B"&$F73), "*"&$N$2&"*", OFFSET(INDIRECT("C"&$F72), 4, 0):OFFSET(INDIRECT("C"&$F73), -1, 0)) -> 38.4 | O72: =SUMIF(OFFSET(INDIRECT("B"&$F72), 4, 0):INDIRECT("B"&$F73), "*"&$O$2&"*", OFFSET(INDIRECT("C"&$F72), 4, 0):OFFSET(INDIRECT("C"&$F73), -1, 0)) -> 0 | P72: =SUMIF(OFFSET(INDIRECT("B"&$F72), 4, 0):INDIRECT("B"&$F73), "*"&$P$2&"*", OFFSET(INDIRECT("C"&$F72), 4, 0):OFFSET(INDIRECT("C"&$F73), -1, 0)) -> 287.9 | Q72: =SUM($I72:$P72) -> 2002.74 | W72: SK
A73: =IF(COUNTIF($V$3:$Y$99, $B73)<>0, ROW($B73), 0) -> 73 | B73: TD | F73: {=INDEX(OFFSET(INDIRECT("A"&F72), 1, 0):OFFSET(OFFSET(INDIRECT("A"&F72), 1, 0), 100, 0),MATCH(TRUE,INDEX(OFFSET(INDIRECT("A"&F72), 1, 0):OFFSET(OFFSET(INDIRECT("A"&F72), 1, 0), 100, 0)<>0,),0))} -> 1814 | G73: {=INDIRECT("B"&$F73)} -> YO | H73: {=_xlfn.IFS(COUNTIF($V$3:$V$18, G73)<>0, "S", COUNTIF($W$3:$W$99, G73)<>0, "E", COUNTIF($X$3, G73)<>0, "I", COUNTIF($Y$3:$Y$8, G73)<>0, "W")} -> E | I73: =SUMIF(OFFSET(INDIRECT("B"&$F73), 4, 0):INDIRECT("B"&$F74), "*"&$I$2&"*", OFFSET(INDIRECT("C"&$F73), 4, 0):OFFSET(INDIRECT("C"&$F74), -1, 0)) -> 1026.4 | J73: =SUMIF(OFFSET(INDIRECT("B"&$F73), 4, 0):INDIRECT("B"&$F74), "*"&$J$2&"*", OFFSET(INDIRECT("C"&$F73), 4, 0):OFFSET(INDIRECT("C"&$F74), -1, 0)) -> 492.32 | K73: =SUMIF(OFFSET(INDIRECT("B"&$F73), 4, 0):INDIRECT("B"&$F74), "*"&$K$2&"*", OFFSET(INDIRECT("C"&$F73), 4, 0):OFFSET(INDIRECT("C"&$F74), -1, 0)) -> 38.4 | L73: =SUMIF(OFFSET(INDIRECT("B"&$F73), 4, 0):INDIRECT("B"&$F74), "*"&$L$2&"*", OFFSET(INDIRECT("C"&$F73), 4, 0):OFFSET(INDIRECT("C"&$F74), -1, 0)) -> 147.59 | M73: =SUMIF(OFFSET(INDIRECT("B"&$F73), 4, 0):INDIRECT("B"&$F74), "*"&$M$2&"*", OFFSET(INDIRECT("C"&$F73), 4, 0):OFFSET(INDIRECT("C"&$F74), -1, 0)) -> 153.6 | N73: =SUMIF(OFFSET(INDIRECT("B"&$F73), 4, 0):INDIRECT("B"&$F74), "*"&$N$2&"*", OFFSET(INDIRECT("C"&$F73), 4, 0):OFFSET(INDIRECT("C"&$F74), -1, 0)) -> 213.07 | O73: =SUMIF(OFFSET(INDIRECT("B"&$F73), 4, 0):INDIRECT("B"&$F74), "*"&$O$2&"*", OFFSET(INDIRECT("C"&$F73), 4, 0):OFFSET(INDIRECT("C"&$F74), -1, 0)) -> 0 | P73: =SUMIF(OFFSET(INDIRECT("B"&$F73), 4, 0):INDIRECT("B"&$F74), "*"&$P$2&"*", OFFSET(INDIRECT("C"&$F73), 4, 0):OFFSET(INDIRECT("C"&$F74), -1, 0)) -> 253.55 | Q73: =SUM($I73:$P73) -> 2324.93 | W73: SL
A74: =IF(COUNTIF($V$3:$Y$99, $B74)<>0, ROW($B74), 0) -> 0 | B74: Total # Sold | C74: 128 | F74: {=INDEX(OFFSET(INDIRECT("A"&F73), 1, 0):OFFSET(OFFSET(INDIRECT("A"&F73), 1, 0), 100, 0),MATCH(TRUE,INDEX(OFFSET(INDIRECT("A"&F73), 1, 0):OFFSET(OFFSET(INDIRECT("A"&F73), 1, 0), 100, 0)<>0,),0))} -> 1843 | G74: {=INDIRECT("B"&$F74)} -> CV | H74: {=_xlfn.IFS(COUNTIF($V$3:$V$18, G74)<>0, "S", COUNTIF($W$3:$W$99, G74)<>0, "E", COUNTIF($X$3, G74)<>0, "I", COUNTIF($Y$3:$Y$8, G74)<>0, "W")} -> E | I74: =SUMIF(OFFSET(INDIRECT("B"&$F74), 4, 0):INDIRECT("B"&$F75), "*"&$I$2&"*", OFFSET(INDIRECT("C"&$F74), 4, 0):OFFSET(INDIRECT("C"&$F75), -1, 0)) -> 1161.95 | J74: =SUMIF(OFFSET(INDIRECT("B"&$F74), 4, 0):INDIRECT("B"&$F75), "*"&$J$2&"*", OFFSET(INDIRECT("C"&$F74), 4, 0):OFFSET(INDIRECT("C"&$F75), -1, 0)) -> 173.6 | K74: =SUMIF(OFFSET(INDIRECT("B"&$F74), 4, 0):INDIRECT("B"&$F75), "*"&$K$2&"*", OFFSET(INDIRECT("C"&$F74), 4, 0):OFFSET(INDIRECT("C"&$F75), -1, 0)) -> 40 | L74: =SUMIF(OFFSET(INDIRECT("B"&$F74), 4, 0):INDIRECT("B"&$F75), "*"&$L$2&"*", OFFSET(INDIRECT("C"&$F74), 4, 0):OFFSET(INDIRECT("C"&$F75), -1, 0)) -> 381.94 | M74: =SUMIF(OFFSET(INDIRECT("B"&$F74), 4, 0):INDIRECT("B"&$F75), "*"&$M$2&"*", OFFSET(INDIRECT("C"&$F74), 4, 0):OFFSET(INDIRECT("C"&$F75), -1, 0)) -> 148 | N74: =SUMIF(OFFSET(INDIRECT("B"&$F74), 4, 0):INDIRECT("B"&$F75), "*"&$N$2&"*", OFFSET(INDIRECT("C"&$F74), 4, 0):OFFSET(INDIRECT("C"&$F75), -1, 0)) -> 101.71 | O74: =SUMIF(OFFSET(INDIRECT("B"&$F74), 4, 0):INDIRECT("B"&$F75), "*"&$O$2&"*", OFFSET(INDIRECT("C"&$F74), 4, 0):OFFSET(INDIRECT("C"&$F75), -1, 0)) -> 0 | P74: =SUMIF(OFFSET(INDIRECT("B"&$F74), 4, 0):INDIRECT("B"&$F75), "*"&$P$2&"*", OFFSET(INDIRECT("C"&$F74), 4, 0):OFFSET(INDIRECT("C"&$F75), -1, 0)) -> 287.9 | Q74: =SUM($I74:$P74) -> 2295.1 | W74: SM
A75: =IF(COUNTIF($V$3:$Y$99, $B75)<>0, ROW($B75), 0) -> 0 | B75: Total Sales | C75: 5201.37 | F75: {=INDEX(OFFSET(INDIRECT("A"&F74), 1, 0):OFFSET(OFFSET(INDIRECT("A"&F74), 1, 0), 100, 0),MATCH(TRUE,INDEX(OFFSET(INDIRECT("A"&F74), 1, 0):OFFSET(OFFSET(INDIRECT("A"&F74), 1, 0), 100, 0)<>0,),0))} -> 1876 | G75: {=INDIRECT("B"&$F75)} -> CT | H75: {=_xlfn.IFS(COUNTIF($V$3:$V$18, G75)<>0, "S", COUNTIF($W$3:$W$99, G75)<>0, "E", COUNTIF($X$3, G75)<>0, "I", COUNTIF($Y$3:$Y$8, G75)<>0, "W")} -> E | I75: =SUMIF(OFFSET(INDIRECT("B"&$F75), 4, 0):INDIRECT("B"&$F76), "*"&$I$2&"*", OFFSET(INDIRECT("C"&$F75), 4, 0):OFFSET(INDIRECT("C"&$F76), -1, 0)) -> 1706 | J75: =SUMIF(OFFSET(INDIRECT("B"&$F75), 4, 0):INDIRECT("B"&$F76), "*"&$J$2&"*", OFFSET(INDIRECT("C"&$F75), 4, 0):OFFSET(INDIRECT("C"&$F76), -1, 0)) -> 149.76 | K75: =SUMIF(OFFSET(INDIRECT("B"&$F75), 4, 0):INDIRECT("B"&$F76), "*"&$K$2&"*", OFFSET(INDIRECT("C"&$F75), 4, 0):OFFSET(INDIRECT("C"&$F76), -1, 0)) -> 0 | L75: =SUMIF(OFFSET(INDIRECT("B"&$F75), 4, 0):INDIRECT("B"&$F76), "*"&$L$2&"*", OFFSET(INDIRECT("C"&$F75), 4, 0):OFFSET(INDIRECT("C"&$F76), -1, 0)) -> 0 | M75: =SUMIF(OFFSET(INDIRECT("B"&$F75), 4, 0):INDIRECT("B"&$F76), "*"&$M$2&"*", OFFSET(INDIRECT("C"&$F75), 4, 0):OFFSET(INDIRECT("C"&$F76), -1, 0)) -> 0 | N75: =SUMIF(OFFSET(INDIRECT("B"&$F75), 4, 0):INDIRECT("B"&$F76), "*"&$N$2&"*", OFFSET(INDIRECT("C"&$F75), 4, 0):OFFSET(INDIRECT("C"&$F76), -1, 0)) -> 34.56 | O75: =SUMIF(OFFSET(INDIRECT("B"&$F75), 4, 0):INDIRECT("B"&$F76), "*"&$O$2&"*", OFFSET(INDIRECT("C"&$F75), 4, 0):OFFSET(INDIRECT("C"&$F76), -1, 0)) -> 0 | P75: =SUMIF(OFFSET(INDIRECT("B"&$F75), 4, 0):INDIRECT("B"&$F76), "*"&$P$2&"*", OFFSET(INDIRECT("C"&$F75), 4, 0):OFFSET(INDIRECT("C"&$F76), -1, 0)) -> 105.55 | Q75: =SUM($I75:$P75) -> 1995.87 | W75: SN
A76: =IF(COUNTIF($V$3:$Y$99, $B76)<>0, ROW($B76), 0) -> 0 | B76: Product Name | C76: Sales | D76: Quantity | F76: {=INDEX(OFFSET(INDIRECT("A"&F75), 1, 0):OFFSET(OFFSET(INDIRECT("A"&F75), 1, 0), 100, 0),MATCH(TRUE,INDEX(OFFSET(INDIRECT("A"&F75), 1, 0):OFFSET(OFFSET(INDIRECT("A"&F75), 1, 0), 100, 0)<>0,),0))} -> 1892 | G76: {=INDIRECT("B"&$F76)} -> HD | H76: {=_xlfn.IFS(COUNTIF($V$3:$V$18, G76)<>0, "S", COUNTIF($W$3:$W$99, G76)<>0, "E", COUNTIF($X$3, G76)<>0, "I", COUNTIF($Y$3:$Y$8, G76)<>0, "W")} -> E | I76: =SUMIF(OFFSET(INDIRECT("B"&$F76), 4, 0):INDIRECT("B"&$F77), "*"&$I$2&"*", OFFSET(INDIRECT("C"&$F76), 4, 0):OFFSET(INDIRECT("C"&$F77), -1, 0)) -> 380.4 | J76: =SUMIF(OFFSET(INDIRECT("B"&$F76), 4, 0):INDIRECT("B"&$F77), "*"&$J$2&"*", OFFSET(INDIRECT("C"&$F76), 4, 0):OFFSET(INDIRECT("C"&$F77), -1, 0)) -> 54.8 | K76: =SUMIF(OFFSET(INDIRECT("B"&$F76), 4, 0):INDIRECT("B"&$F77), "*"&$K$2&"*", OFFSET(INDIRECT("C"&$F76), 4, 0):OFFSET(INDIRECT("C"&$F77), -1, 0)) -> 38.4 | L76: =SUMIF(OFFSET(INDIRECT("B"&$F76), 4, 0):INDIRECT("B"&$F77), "*"&$L$2&"*", OFFSET(INDIRECT("C"&$F76), 4, 0):OFFSET(INDIRECT("C"&$F77), -1, 0)) -> 133.2 | M76: =SUMIF(OFFSET(INDIRECT("B"&$F76), 4, 0):INDIRECT("B"&$F77), "*"&$M$2&"*", OFFSET(INDIRECT("C"&$F76), 4, 0):OFFSET(INDIRECT("C"&$F77), -1, 0)) -> 785.6 | N76: =SUMIF(OFFSET(INDIRECT("B"&$F76), 4, 0):INDIRECT("B"&$F77), "*"&$N$2&"*", OFFSET(INDIRECT("C"&$F76), 4, 0):OFFSET(INDIRECT("C"&$F77), -1, 0)) -> 0 | O76: =SUMIF(OFFSET(INDIRECT("B"&$F76), 4, 0):INDIRECT("B"&$F77), "*"&$O$2&"*", OFFSET(INDIRECT("C"&$F76), 4, 0):OFFSET(INDIRECT("C"&$F77), -1, 0)) -> 76.8 | P76: =SUMIF(OFFSET(INDIRECT("B"&$F76), 4, 0):INDIRECT("B"&$F77), "*"&$P$2&"*", OFFSET(INDIRECT("C"&$F76), 4, 0):OFFSET(INDIRECT("C"&$F77), -1, 0)) -> 208.4 | Q76: =SUM($I76:$P76) -> 1677.6 | W76: SO
A77: =IF(COUNTIF($V$3:$Y$99, $B77)<>0, ROW($B77), 0) -> 0 | B77: Whisky Cask - 2x5L Ciderbox 2 x 5L Ciderbox | C77: 80 | D77: 2 | F77: {=INDEX(OFFSET(INDIRECT("A"&F76), 1, 0):OFFSET(OFFSET(INDIRECT("A"&F76), 1, 0), 100, 0),MATCH(TRUE,INDEX(OFFSET(INDIRECT("A"&F76), 1, 0):OFFSET(OFFSET(INDIRECT("A"&F76), 1, 0), 100, 0)<>0,),0))} -> 1915 | G77: {=INDIRECT("B"&$F77)} -> CR | H77: {=_xlfn.IFS(COUNTIF($V$3:$V$18, G77)<>0, "S", COUNTIF($W$3:$W$99, G77)<>0, "E", COUNTIF($X$3, G77)<>0, "I", COUNTIF($Y$3:$Y$8, G77)<>0, "W")} -> E | I77: =SUMIF(OFFSET(INDIRECT("B"&$F77), 4, 0):INDIRECT("B"&$F78), "*"&$I$2&"*", OFFSET(INDIRECT("C"&$F77), 4, 0):OFFSET(INDIRECT("C"&$F78), -1, 0)) -> 338.4 | J77: =SUMIF(OFFSET(INDIRECT("B"&$F77), 4, 0):INDIRECT("B"&$F78), "*"&$J$2&"*", OFFSET(INDIRECT("C"&$F77), 4, 0):OFFSET(INDIRECT("C"&$F78), -1, 0)) -> 0 | K77: =SUMIF(OFFSET(INDIRECT("B"&$F77), 4, 0):INDIRECT("B"&$F78), "*"&$K$2&"*", OFFSET(INDIRECT("C"&$F77), 4, 0):OFFSET(INDIRECT("C"&$F78), -1, 0)) -> 0 | L77: =SUMIF(OFFSET(INDIRECT("B"&$F77), 4, 0):INDIRECT("B"&$F78), "*"&$L$2&"*", OFFSET(INDIRECT("C"&$F77), 4, 0):OFFSET(INDIRECT("C"&$F78), -1, 0)) -> 0 | M77: =SUMIF(OFFSET(INDIRECT("B"&$F77), 4, 0):INDIRECT("B"&$F78), "*"&$M$2&"*", OFFSET(INDIRECT("C"&$F77), 4, 0):OFFSET(INDIRECT("C"&$F78), -1, 0)) -> 38.4 | N77: =SUMIF(OFFSET(INDIRECT("B"&$F77), 4, 0):INDIRECT("B"&$F78), "*"&$N$2&"*", OFFSET(INDIRECT("C"&$F77), 4, 0):OFFSET(INDIRECT("C"&$F78), -1, 0)) -> 0 | O77: =SUMIF(OFFSET(INDIRECT("B"&$F77), 4, 0):INDIRECT("B"&$F78), "*"&$O$2&"*", OFFSET(INDIRECT("C"&$F77), 4, 0):OFFSET(INDIRECT("C"&$F78), -1, 0)) -> 0 | P77: =SUMIF(OFFSET(INDIRECT("B"&$F77), 4, 0):INDIRECT("B"&$F78), "*"&$P$2&"*", OFFSET(INDIRECT("C"&$F77), 4, 0):OFFSET(INDIRECT("C"&$F78), -1, 0)) -> 105.55 | Q77: =SUM($I77:$P77) -> 482.35 | W77: SP
A78: =IF(COUNTIF($V$3:$Y$99, $B78)<>0, ROW($B78), 0) -> 0 | B78: Traditional - Bottle 24 x 330ml | C78: 537.6 | D78: 18 | F78: {=INDEX(OFFSET(INDIRECT("A"&F77), 1, 0):OFFSET(OFFSET(INDIRECT("A"&F77), 1, 0), 100, 0),MATCH(TRUE,INDEX(OFFSET(INDIRECT("A"&F77), 1, 0):OFFSET(OFFSET(INDIRECT("A"&F77), 1, 0), 100, 0)<>0,),0))} -> 1929 | G78: {=INDIRECT("B"&$F78)} -> SN | H78: {=_xlfn.IFS(COUNTIF($V$3:$V$18, G78)<>0, "S", COUNTIF($W$3:$W$99, G78)<>0, "E", COUNTIF($X$3, G78)<>0, "I", COUNTIF($Y$3:$Y$8, G78)<>0, "W")} -> E | I78: =SUMIF(OFFSET(INDIRECT("B"&$F78), 4, 0):INDIRECT("B"&$F79), "*"&$I$2&"*", OFFSET(INDIRECT("C"&$F78), 4, 0):OFFSET(INDIRECT("C"&$F79), -1, 0)) -> 993.15 | J78: =SUMIF(OFFSET(INDIRECT("B"&$F78), 4, 0):INDIRECT("B"&$F79), "*"&$J$2&"*", OFFSET(INDIRECT("C"&$F78), 4, 0):OFFSET(INDIRECT("C"&$F79), -1, 0)) -> 38.4 | K78: =SUMIF(OFFSET(INDIRECT("B"&$F78), 4, 0):INDIRECT("B"&$F79), "*"&$K$2&"*", OFFSET(INDIRECT("C"&$F78), 4, 0):OFFSET(INDIRECT("C"&$F79), -1, 0)) -> 0 | L78: =SUMIF(OFFSET(INDIRECT("B"&$F78), 4, 0):INDIRECT("B"&$F79), "*"&$L$2&"*", OFFSET(INDIRECT("C"&$F78), 4, 0):OFFSET(INDIRECT("C"&$F79), -1, 0)) -> 331.15 | M78: =SUMIF(OFFSET(INDIRECT("B"&$F78), 4, 0):INDIRECT("B"&$F79), "*"&$M$2&"*", OFFSET(INDIRECT("C"&$F78), 4, 0):OFFSET(INDIRECT("C"&$F79), -1, 0)) -> 140.8 | N78: =SUMIF(OFFSET(INDIRECT("B"&$F78), 4, 0):INDIRECT("B"&$F79), "*"&$N$2&"*", OFFSET(INDIRECT("C"&$F78), 4, 0):OFFSET(INDIRECT("C"&$F79), -1, 0)) -> 38.4 | O78: =SUMIF(OFFSET(INDIRECT("B"&$F78), 4, 0):INDIRECT("B"&$F79), "*"&$O$2&"*", OFFSET(INDIRECT("C"&$F78), 4, 0):OFFSET(INDIRECT("C"&$F79), -1, 0)) -> 0 | P78: =SUMIF(OFFSET(INDIRECT("B"&$F78), 4, 0):INDIRECT("B"&$F79), "*"&$P$2&"*", OFFSET(INDIRECT("C"&$F78), 4, 0):OFFSET(INDIRECT("C"&$F79), -1, 0)) -> 76.8 | Q78: =SUM($I78:$P78) -> 1618.7 | W78: SR
A79: =IF(COUNTIF($V$3:$Y$99, $B79)<>0, ROW($B79), 0) -> 0 | B79: Mix & Match 500ml Bottle Case (24 bottles) | C79: 602.8 | D79: 12 | F79: {=INDEX(OFFSET(INDIRECT("A"&F78), 1, 0):OFFSET(OFFSET(INDIRECT("A"&F78), 1, 0), 100, 0),MATCH(TRUE,INDEX(OFFSET(INDIRECT("A"&F78), 1, 0):OFFSET(OFFSET(INDIRECT("A"&F78), 1, 0), 100, 0)<>0,),0))} -> 1953 | G79: {=INDIRECT("B"&$F79)} -> SS | H79: {=_xlfn.IFS(COUNTIF($V$3:$V$18, G79)<>0, "S", COUNTIF($W$3:$W$99, G79)<>0, "E", COUNTIF($X$3, G79)<>0, "I", COUNTIF($Y$3:$Y$8, G79)<>0, "W")} -> E | I79: =SUMIF(OFFSET(INDIRECT("B"&$F79), 4, 0):INDIRECT("B"&$F80), "*"&$I$2&"*", OFFSET(INDIRECT("C"&$F79), 4, 0):OFFSET(INDIRECT("C"&$F80), -1, 0)) -> 797.2 | J79: =SUMIF(OFFSET(INDIRECT("B"&$F79), 4, 0):INDIRECT("B"&$F80), "*"&$J$2&"*", OFFSET(INDIRECT("C"&$F79), 4, 0):OFFSET(INDIRECT("C"&$F80), -1, 0)) -> 0 | K79: =SUMIF(OFFSET(INDIRECT("B"&$F79), 4, 0):INDIRECT("B"&$F80), "*"&$K$2&"*", OFFSET(INDIRECT("C"&$F79), 4, 0):OFFSET(INDIRECT("C"&$F80), -1, 0)) -> 0 | L79: =SUMIF(OFFSET(INDIRECT("B"&$F79), 4, 0):INDIRECT("B"&$F80), "*"&$L$2&"*", OFFSET(INDIRECT("C"&$F79), 4, 0):OFFSET(INDIRECT("C"&$F80), -1, 0)) -> 93.2 | M79: =SUMIF(OFFSET(INDIRECT("B"&$F79), 4, 0):INDIRECT("B"&$F80), "*"&$M$2&"*", OFFSET(INDIRECT("C"&$F79), 4, 0):OFFSET(INDIRECT("C"&$F80), -1, 0)) -> 0 | N79: =SUMIF(OFFSET(INDIRECT("B"&$F79), 4, 0):INDIRECT("B"&$F80), "*"&$N$2&"*", OFFSET(INDIRECT("C"&$F79), 4, 0):OFFSET(INDIRECT("C"&$F80), -1, 0)) -> 67.15 | O79: =SUMIF(OFFSET(INDIRECT("B"&$F79), 4, 0):INDIRECT("B"&$F80), "*"&$O$2&"*", OFFSET(INDIRECT("C"&$F79), 4, 0):OFFSET(INDIRECT("C"&$F80), -1, 0)) -> 38.4 | P79: =SUMIF(OFFSET(INDIRECT("B"&$F79), 4, 0):INDIRECT("B"&$F80), "*"&$P$2&"*", OFFSET(INDIRECT("C"&$F79), 4, 0):OFFSET(INDIRECT("C"&$F80), -1, 0)) -> 76.8 | Q79: =SUM($I79:$P79) -> 1072.75 | W79: SS
A80: =IF(COUNTIF($V$3:$Y$99, $B80)<>0, ROW($B80), 0) -> 0 | B80: Elderflower 0.5% 24 x 500ml | C80: 42.5 | D80: 1 | F80: {=INDEX(OFFSET(INDIRECT("A"&F79), 1, 0):OFFSET(OFFSET(INDIRECT("A"&F79), 1, 0), 100, 0),MATCH(TRUE,INDEX(OFFSET(INDIRECT("A"&F79), 1, 0):OFFSET(OFFSET(INDIRECT("A"&F79), 1, 0), 100, 0)<>0,),0))} -> 1971 | G80: {=INDIRECT("B"&$F80)} -> AL | H80: {=_xlfn.IFS(COUNTIF($V$3:$V$18, G80)<>0, "S", COUNTIF($W$3:$W$99, G80)<>0, "E", COUNTIF($X$3, G80)<>0, "I", COUNTIF($Y$3:$Y$8, G80)<>0, "W")} -> E | I80: =SUMIF(OFFSET(INDIRECT("B"&$F80), 4, 0):INDIRECT("B"&$F81), "*"&$I$2&"*", OFFSET(INDIRECT("C"&$F80), 4, 0):OFFSET(INDIRECT("C"&$F81), -1, 0)) -> 424.35 | J80: =SUMIF(OFFSET(INDIRECT("B"&$F80), 4, 0):INDIRECT("B"&$F81), "*"&$J$2&"*", OFFSET(INDIRECT("C"&$F80), 4, 0):OFFSET(INDIRECT("C"&$F81), -1, 0)) -> 0 | K80: =SUMIF(OFFSET(INDIRECT("B"&$F80), 4, 0):INDIRECT("B"&$F81), "*"&$K$2&"*", OFFSET(INDIRECT("C"&$F80), 4, 0):OFFSET(INDIRECT("C"&$F81), -1, 0)) -> 0 | L80: =SUMIF(OFFSET(INDIRECT("B"&$F80), 4, 0):INDIRECT("B"&$F81), "*"&$L$2&"*", OFFSET(INDIRECT("C"&$F80), 4, 0):OFFSET(INDIRECT("C"&$F81), -1, 0)) -> 104.34 | M80: =SUMIF(OFFSET(INDIRECT("B"&$F80), 4, 0):INDIRECT("B"&$F81), "*"&$M$2&"*", OFFSET(INDIRECT("C"&$F80), 4, 0):OFFSET(INDIRECT("C"&$F81), -1, 0)) -> 0 | N80: =SUMIF(OFFSET(INDIRECT("B"&$F80), 4, 0):INDIRECT("B"&$F81), "*"&$N$2&"*", OFFSET(INDIRECT("C"&$F80), 4, 0):OFFSET(INDIRECT("C"&$F81), -1, 0)) -> 0 | O80: =SUMIF(OFFSET(INDIRECT("B"&$F80), 4, 0):INDIRECT("B"&$F81), "*"&$O$2&"*", OFFSET(INDIRECT("C"&$F80), 4, 0):OFFSET(INDIRECT("C"&$F81), -1, 0)) -> 0 | P80: =SUMIF(OFFSET(INDIRECT("B"&$F80), 4, 0):INDIRECT("B"&$F81), "*"&$P$2&"*", OFFSET(INDIRECT("C"&$F80), 4, 0):OFFSET(INDIRECT("C"&$F81), -1, 0)) -> 115.2 | Q80: =SUM($I80:$P80) -> 643.89 | W80: ST
A81: =IF(COUNTIF($V$3:$Y$99, $B81)<>0, ROW($B81), 0) -> 0 | B81: Thistly Cross Cider Bumper Box | C81: 328.8 | D81: 7 | F81: {=INDEX(OFFSET(INDIRECT("A"&F80), 1, 0):OFFSET(OFFSET(INDIRECT("A"&F80), 1, 0), 100, 0),MATCH(TRUE,INDEX(OFFSET(INDIRECT("A"&F80), 1, 0):OFFSET(OFFSET(INDIRECT("A"&F80), 1, 0), 100, 0)<>0,),0))} -> 1985 | G81: {=INDIRECT("B"&$F81)} -> CO | H81: {=_xlfn.IFS(COUNTIF($V$3:$V$18, G81)<>0, "S", COUNTIF($W$3:$W$99, G81)<>0, "E", COUNTIF($X$3, G81)<>0, "I", COUNTIF($Y$3:$Y$8, G81)<>0, "W")} -> E | I81: =SUMIF(OFFSET(INDIRECT("B"&$F81), 4, 0):INDIRECT("B"&$F82), "*"&$I$2&"*", OFFSET(INDIRECT("C"&$F81), 4, 0):OFFSET(INDIRECT("C"&$F82), -1, 0)) -> 1132.35 | J81: =SUMIF(OFFSET(INDIRECT("B"&$F81), 4, 0):INDIRECT("B"&$F82), "*"&$J$2&"*", OFFSET(INDIRECT("C"&$F81), 4, 0):OFFSET(INDIRECT("C"&$F82), -1, 0)) -> 38.4 | K81: =SUMIF(OFFSET(INDIRECT("B"&$F81), 4, 0):INDIRECT("B"&$F82), "*"&$K$2&"*", OFFSET(INDIRECT("C"&$F81), 4, 0):OFFSET(INDIRECT("C"&$F82), -1, 0)) -> 0 | L81: =SUMIF(OFFSET(INDIRECT("B"&$F81), 4, 0):INDIRECT("B"&$F82), "*"&$L$2&"*", OFFSET(INDIRECT("C"&$F81), 4, 0):OFFSET(INDIRECT("C"&$F82), -1, 0)) -> 313.15 | M81: =SUMIF(OFFSET(INDIRECT("B"&$F81), 4, 0):INDIRECT("B"&$F82), "*"&$M$2&"*", OFFSET(INDIRECT("C"&$F81), 4, 0):OFFSET(INDIRECT("C"&$F82), -1, 0)) -> 140.8 | N81: =SUMIF(OFFSET(INDIRECT("B"&$F81), 4, 0):INDIRECT("B"&$F82), "*"&$N$2&"*", OFFSET(INDIRECT("C"&$F81), 4, 0):OFFSET(INDIRECT("C"&$F82), -1, 0)) -> 105.55 | O81: =SUMIF(OFFSET(INDIRECT("B"&$F81), 4, 0):INDIRECT("B"&$F82), "*"&$O$2&"*", OFFSET(INDIRECT("C"&$F81), 4, 0):OFFSET(INDIRECT("C"&$F82), -1, 0)) -> 0 | P81: =SUMIF(OFFSET(INDIRECT("B"&$F81), 4, 0):INDIRECT("B"&$F82), "*"&$P$2&"*", OFFSET(INDIRECT("C"&$F81), 4, 0):OFFSET(INDIRECT("C"&$F82), -1, 0)) -> 93.2 | Q81: =SUM($I81:$P81) -> 1823.45 | W81: SW
A82: =IF(COUNTIF($V$3:$Y$99, $B82)<>0, ROW($B82), 0) -> 0 | B82: Mix & Match 330ml Bottle Case (24 Bottles) | C82: 614.4 | D82: 16 | F82: {=INDEX(OFFSET(INDIRECT("A"&F81), 1, 0):OFFSET(OFFSET(INDIRECT("A"&F81), 1, 0), 100, 0),MATCH(TRUE,INDEX(OFFSET(INDIRECT("A"&F81), 1, 0):OFFSET(OFFSET(INDIRECT("A"&F81), 1, 0), 100, 0)<>0,),0))} -> 2010 | G82: {=INDIRECT("B"&$F82)} -> EN | H82: {=_xlfn.IFS(COUNTIF($V$3:$V$18, G82)<>0, "S", COUNTIF($W$3:$W$99, G82)<>0, "E", COUNTIF($X$3, G82)<>0, "I", COUNTIF($Y$3:$Y$8, G82)<>0, "W")} -> E | I82: =SUMIF(OFFSET(INDIRECT("B"&$F82), 4, 0):INDIRECT("B"&$F83), "*"&$I$2&"*", OFFSET(INDIRECT("C"&$F82), 4, 0):OFFSET(INDIRECT("C"&$F83), -1, 0)) -> 155.2 | J82: =SUMIF(OFFSET(INDIRECT("B"&$F82), 4, 0):INDIRECT("B"&$F83), "*"&$J$2&"*", OFFSET(INDIRECT("C"&$F82), 4, 0):OFFSET(INDIRECT("C"&$F83), -1, 0)) -> 0 | K82: =SUMIF(OFFSET(INDIRECT("B"&$F82), 4, 0):INDIRECT("B"&$F83), "*"&$K$2&"*", OFFSET(INDIRECT("C"&$F82), 4, 0):OFFSET(INDIRECT("C"&$F83), -1, 0)) -> 40 | L82: =SUMIF(OFFSET(INDIRECT("B"&$F82), 4, 0):INDIRECT("B"&$F83), "*"&$L$2&"*", OFFSET(INDIRECT("C"&$F82), 4, 0):OFFSET(INDIRECT("C"&$F83), -1, 0)) -> 0 | M82: =SUMIF(OFFSET(INDIRECT("B"&$F82), 4, 0):INDIRECT("B"&$F83), "*"&$M$2&"*", OFFSET(INDIRECT("C"&$F82), 4, 0):OFFSET(INDIRECT("C"&$F83), -1, 0)) -> 0 | N82: =SUMIF(OFFSET(INDIRECT("B"&$F82), 4, 0):INDIRECT("B"&$F83), "*"&$N$2&"*", OFFSET(INDIRECT("C"&$F82), 4, 0):OFFSET(INDIRECT("C"&$F83), -1, 0)) -> 0 | O82: =SUMIF(OFFSET(INDIRECT("B"&$F82), 4, 0):INDIRECT("B"&$F83), "*"&$O$2&"*", OFFSET(INDIRECT("C"&$F82), 4, 0):OFFSET(INDIRECT("C"&$F83), -1, 0)) -> 0 | P82: =SUMIF(OFFSET(INDIRECT("B"&$F82), 4, 0):INDIRECT("B"&$F83), "*"&$P$2&"*", OFFSET(INDIRECT("C"&$F82), 4, 0):OFFSET(INDIRECT("C"&$F83), -1, 0)) -> 176.75 | Q82: =SUM($I82:$P82) -> 371.95 | W82: TA
A83: =IF(COUNTIF($V$3:$Y$99, $B83)<>0, ROW($B83), 0) -> 0 | B83: Traditional - Can 24 x 330ml | C83: 38.4 | D83: 1 | F83: {=INDEX(OFFSET(INDIRECT("A"&F82), 1, 0):OFFSET(OFFSET(INDIRECT("A"&F82), 1, 0), 100, 0),MATCH(TRUE,INDEX(OFFSET(INDIRECT("A"&F82), 1, 0):OFFSET(OFFSET(INDIRECT("A"&F82), 1, 0), 100, 0)<>0,),0))} -> 2021 | G83: {=INDIRECT("B"&$F83)} -> DL | H83: {=_xlfn.IFS(COUNTIF($V$3:$V$18, G83)<>0, "S", COUNTIF($W$3:$W$99, G83)<>0, "E", COUNTIF($X$3, G83)<>0, "I", COUNTIF($Y$3:$Y$8, G83)<>0, "W")} -> E | I83: =SUMIF(OFFSET(INDIRECT("B"&$F83), 4, 0):INDIRECT("B"&$F84), "*"&$I$2&"*", OFFSET(INDIRECT("C"&$F83), 4, 0):OFFSET(INDIRECT("C"&$F84), -1, 0)) -> 530.8 | J83: =SUMIF(OFFSET(INDIRECT("B"&$F83), 4, 0):INDIRECT("B"&$F84), "*"&$J$2&"*", OFFSET(INDIRECT("C"&$F83), 4, 0):OFFSET(INDIRECT("C"&$F84), -1, 0)) -> 0 | K83: =SUMIF(OFFSET(INDIRECT("B"&$F83), 4, 0):INDIRECT("B"&$F84), "*"&$K$2&"*", OFFSET(INDIRECT("C"&$F83), 4, 0):OFFSET(INDIRECT("C"&$F84), -1, 0)) -> 76.8 | L83: =SUMIF(OFFSET(INDIRECT("B"&$F83), 4, 0):INDIRECT("B"&$F84), "*"&$L$2&"*", OFFSET(INDIRECT("C"&$F83), 4, 0):OFFSET(INDIRECT("C"&$F84), -1, 0)) -> 148 | M83: =SUMIF(OFFSET(INDIRECT("B"&$F83), 4, 0):INDIRECT("B"&$F84), "*"&$M$2&"*", OFFSET(INDIRECT("C"&$F83), 4, 0):OFFSET(INDIRECT("C"&$F84), -1, 0)) -> 157.2 | N83: =SUMIF(OFFSET(INDIRECT("B"&$F83), 4, 0):INDIRECT("B"&$F84), "*"&$N$2&"*", OFFSET(INDIRECT("C"&$F83), 4, 0):OFFSET(INDIRECT("C"&$F84), -1, 0)) -> 28.75 | O83: =SUMIF(OFFSET(INDIRECT("B"&$F83), 4, 0):INDIRECT("B"&$F84), "*"&$O$2&"*", OFFSET(INDIRECT("C"&$F83), 4, 0):OFFSET(INDIRECT("C"&$F84), -1, 0)) -> 76.8 | P83: =SUMIF(OFFSET(INDIRECT("B"&$F83), 4, 0):INDIRECT("B"&$F84), "*"&$P$2&"*", OFFSET(INDIRECT("C"&$F83), 4, 0):OFFSET(INDIRECT("C"&$F84), -1, 0)) -> 500.35 | Q83: =SUM($I83:$P83) -> 1518.7 | W83: TF
A84: =IF(COUNTIF($V$3:$Y$99, $B84)<>0, ROW($B84), 0) -> 0 | B84: Elderflower - Bottle 24 x 500ml | C84: 54.8 | D84: 1 | F84: {=INDEX(OFFSET(INDIRECT("A"&F83), 1, 0):OFFSET(OFFSET(INDIRECT("A"&F83), 1, 0), 100, 0),MATCH(TRUE,INDEX(OFFSET(INDIRECT("A"&F83), 1, 0):OFFSET(OFFSET(INDIRECT("A"&F83), 1, 0), 100, 0)<>0,),0))} -> 2046 | G84: {=INDIRECT("B"&$F84)} -> BL | H84: {=_xlfn.IFS(COUNTIF($V$3:$V$18, G84)<>0, "S", COUNTIF($W$3:$W$99, G84)<>0, "E", COUNTIF($X$3, G84)<>0, "I", COUNTIF($Y$3:$Y$8, G84)<>0, "W")} -> E | I84: =SUMIF(OFFSET(INDIRECT("B"&$F84), 4, 0):INDIRECT("B"&$F85), "*"&$I$2&"*", OFFSET(INDIRECT("C"&$F84), 4, 0):OFFSET(INDIRECT("C"&$F85), -1, 0)) -> 494 | J84: =SUMIF(OFFSET(INDIRECT("B"&$F84), 4, 0):INDIRECT("B"&$F85), "*"&$J$2&"*", OFFSET(INDIRECT("C"&$F84), 4, 0):OFFSET(INDIRECT("C"&$F85), -1, 0)) -> 208.4 | K84: =SUMIF(OFFSET(INDIRECT("B"&$F84), 4, 0):INDIRECT("B"&$F85), "*"&$K$2&"*", OFFSET(INDIRECT("C"&$F84), 4, 0):OFFSET(INDIRECT("C"&$F85), -1, 0)) -> 0 | L84: =SUMIF(OFFSET(INDIRECT("B"&$F84), 4, 0):INDIRECT("B"&$F85), "*"&$L$2&"*", OFFSET(INDIRECT("C"&$F84), 4, 0):OFFSET(INDIRECT("C"&$F85), -1, 0)) -> 15.99 | M84: =SUMIF(OFFSET(INDIRECT("B"&$F84), 4, 0):INDIRECT("B"&$F85), "*"&$M$2&"*", OFFSET(INDIRECT("C"&$F84), 4, 0):OFFSET(INDIRECT("C"&$F85), -1, 0)) -> 38.4 | N84: =SUMIF(OFFSET(INDIRECT("B"&$F84), 4, 0):INDIRECT("B"&$F85), "*"&$N$2&"*", OFFSET(INDIRECT("C"&$F84), 4, 0):OFFSET(INDIRECT("C"&$F85), -1, 0)) -> 0 | O84: =SUMIF(OFFSET(INDIRECT("B"&$F84), 4, 0):INDIRECT("B"&$F85), "*"&$O$2&"*", OFFSET(INDIRECT("C"&$F84), 4, 0):OFFSET(INDIRECT("C"&$F85), -1, 0)) -> 0 | P84: =SUMIF(OFFSET(INDIRECT("B"&$F84), 4, 0):INDIRECT("B"&$F85), "*"&$P$2&"*", OFFSET(INDIRECT("C"&$F84), 4, 0):OFFSET(INDIRECT("C"&$F85), -1, 0)) -> 67.15 | Q84: =SUM($I84:$P84) -> 823.94 | W84: TN
A85: =IF(COUNTIF($V$3:$Y$99, $B85)<>0, ROW($B85), 0) -> 0 | B85: Original - Bottle 24 x 500ml | C85: 109.6 | D85: 2 | F85: {=INDEX(OFFSET(INDIRECT("A"&F84), 1, 0):OFFSET(OFFSET(INDIRECT("A"&F84), 1, 0), 100, 0),MATCH(TRUE,INDEX(OFFSET(INDIRECT("A"&F84), 1, 0):OFFSET(OFFSET(INDIRECT("A"&F84), 1, 0), 100, 0)<>0,),0))} -> 2065 | G85: {=INDIRECT("B"&$F85)} -> DD | H85: {=_xlfn.IFS(COUNTIF($V$3:$V$18, G85)<>0, "S", COUNTIF($W$3:$W$99, G85)<>0, "E", COUNTIF($X$3, G85)<>0, "I", COUNTIF($Y$3:$Y$8, G85)<>0, "W")} -> S | I85: =SUMIF(OFFSET(INDIRECT("B"&$F85), 4, 0):INDIRECT("B"&$F86), "*"&$I$2&"*", OFFSET(INDIRECT("C"&$F85), 4, 0):OFFSET(INDIRECT("C"&$F86), -1, 0)) -> 1193.6 | J85: =SUMIF(OFFSET(INDIRECT("B"&$F85), 4, 0):INDIRECT("B"&$F86), "*"&$J$2&"*", OFFSET(INDIRECT("C"&$F85), 4, 0):OFFSET(INDIRECT("C"&$F86), -1, 0)) -> 257.6 | K85: =SUMIF(OFFSET(INDIRECT("B"&$F85), 4, 0):INDIRECT("B"&$F86), "*"&$K$2&"*", OFFSET(INDIRECT("C"&$F85), 4, 0):OFFSET(INDIRECT("C"&$F86), -1, 0)) -> 93.2 | L85: =SUMIF(OFFSET(INDIRECT("B"&$F85), 4, 0):INDIRECT("B"&$F86), "*"&$L$2&"*", OFFSET(INDIRECT("C"&$F85), 4, 0):OFFSET(INDIRECT("C"&$F86), -1, 0)) -> 336.78 | M85: =SUMIF(OFFSET(INDIRECT("B"&$F85), 4, 0):INDIRECT("B"&$F86), "*"&$M$2&"*", OFFSET(INDIRECT("C"&$F85), 4, 0):OFFSET(INDIRECT("C"&$F86), -1, 0)) -> 217.6 | N85: =SUMIF(OFFSET(INDIRECT("B"&$F85), 4, 0):INDIRECT("B"&$F86), "*"&$N$2&"*", OFFSET(INDIRECT("C"&$F85), 4, 0):OFFSET(INDIRECT("C"&$F86), -1, 0)) -> 290.81 | O85: =SUMIF(OFFSET(INDIRECT("B"&$F85), 4, 0):INDIRECT("B"&$F86), "*"&$O$2&"*", OFFSET(INDIRECT("C"&$F85), 4, 0):OFFSET(INDIRECT("C"&$F86), -1, 0)) -> 0 | P85: =SUMIF(OFFSET(INDIRECT("B"&$F85), 4, 0):INDIRECT("B"&$F86), "*"&$P$2&"*", OFFSET(INDIRECT("C"&$F85), 4, 0):OFFSET(INDIRECT("C"&$F86), -1, 0)) -> 646.75 | Q85: =SUM($I85:$P85) -> 3036.34 | W85: TQ
A86: =IF(COUNTIF($V$3:$Y$99, $B86)<>0, ROW($B86), 0) -> 0 | B86: Traditional - Bottle 24 x 500ml | C86: 164.4 | D86: 3 | F86: {=INDEX(OFFSET(INDIRECT("A"&F85), 1, 0):OFFSET(OFFSET(INDIRECT("A"&F85), 1, 0), 100, 0),MATCH(TRUE,INDEX(OFFSET(INDIRECT("A"&F85), 1, 0):OFFSET(OFFSET(INDIRECT("A"&F85), 1, 0), 100, 0)<>0,),0))} -> 2101 | G86: {=INDIRECT("B"&$F86)} -> CM | H86: {=_xlfn.IFS(COUNTIF($V$3:$V$18, G86)<>0, "S", COUNTIF($W$3:$W$99, G86)<>0, "E", COUNTIF($X$3, G86)<>0, "I", COUNTIF($Y$3:$Y$8, G86)<>0, "W")} -> E | I86: =SUMIF(OFFSET(INDIRECT("B"&$F86), 4, 0):INDIRECT("B"&$F87), "*"&$I$2&"*", OFFSET(INDIRECT("C"&$F86), 4, 0):OFFSET(INDIRECT("C"&$F87), -1, 0)) -> 814.4 | J86: =SUMIF(OFFSET(INDIRECT("B"&$F86), 4, 0):INDIRECT("B"&$F87), "*"&$J$2&"*", OFFSET(INDIRECT("C"&$F86), 4, 0):OFFSET(INDIRECT("C"&$F87), -1, 0)) -> 38.4 | K86: =SUMIF(OFFSET(INDIRECT("B"&$F86), 4, 0):INDIRECT("B"&$F87), "*"&$K$2&"*", OFFSET(INDIRECT("C"&$F86), 4, 0):OFFSET(INDIRECT("C"&$F87), -1, 0)) -> 38.4 | L86: =SUMIF(OFFSET(INDIRECT("B"&$F86), 4, 0):INDIRECT("B"&$F87), "*"&$L$2&"*", OFFSET(INDIRECT("C"&$F86), 4, 0):OFFSET(INDIRECT("C"&$F87), -1, 0)) -> 220.7 | M86: =SUMIF(OFFSET(INDIRECT("B"&$F86), 4, 0):INDIRECT("B"&$F87), "*"&$M$2&"*", OFFSET(INDIRECT("C"&$F86), 4, 0):OFFSET(INDIRECT("C"&$F87), -1, 0)) -> 186.4 | N86: =SUMIF(OFFSET(INDIRECT("B"&$F86), 4, 0):INDIRECT("B"&$F87), "*"&$N$2&"*", OFFSET(INDIRECT("C"&$F86), 4, 0):OFFSET(INDIRECT("C"&$F87), -1, 0)) -> 0 | O86: =SUMIF(OFFSET(INDIRECT("B"&$F86), 4, 0):INDIRECT("B"&$F87), "*"&$O$2&"*", OFFSET(INDIRECT("C"&$F86), 4, 0):OFFSET(INDIRECT("C"&$F87), -1, 0)) -> 0 | P86: =SUMIF(OFFSET(INDIRECT("B"&$F86), 4, 0):INDIRECT("B"&$F87), "*"&$P$2&"*", OFFSET(INDIRECT("C"&$F86), 4, 0):OFFSET(INDIRECT("C"&$F87), -1, 0)) -> 116.8 | Q86: =SUM($I86:$P86) -> 1415.1 | W86: TR
A87: =IF(COUNTIF($V$3:$Y$99, $B87)<>0, ROW($B87), 0) -> 0 | B87: Thistly Cross Selection Box Gift Box | C87: 420 | D87: 12 | F87: {=INDEX(OFFSET(INDIRECT("A"&F86), 1, 0):OFFSET(OFFSET(INDIRECT("A"&F86), 1, 0), 100, 0),MATCH(TRUE,INDEX(OFFSET(INDIRECT("A"&F86), 1, 0):OFFSET(OFFSET(INDIRECT("A"&F86), 1, 0), 100, 0)<>0,),0))} -> 2127 | G87: {=INDIRECT("B"&$F87)} -> M | H87: {=_xlfn.IFS(COUNTIF($V$3:$V$18, G87)<>0, "S", COUNTIF($W$3:$W$99, G87)<>0, "E", COUNTIF($X$3, G87)<>0, "I", COUNTIF($Y$3:$Y$8, G87)<>0, "W")} -> E | I87: =SUMIF(OFFSET(INDIRECT("B"&$F87), 4, 0):INDIRECT("B"&$F88), "*"&$I$2&"*", OFFSET(INDIRECT("C"&$F87), 4, 0):OFFSET(INDIRECT("C"&$F88), -1, 0)) -> 806 | J87: =SUMIF(OFFSET(INDIRECT("B"&$F87), 4, 0):INDIRECT("B"&$F88), "*"&$J$2&"*", OFFSET(INDIRECT("C"&$F87), 4, 0):OFFSET(INDIRECT("C"&$F88), -1, 0)) -> 0 | K87: =SUMIF(OFFSET(INDIRECT("B"&$F87), 4, 0):INDIRECT("B"&$F88), "*"&$K$2&"*", OFFSET(INDIRECT("C"&$F87), 4, 0):OFFSET(INDIRECT("C"&$F88), -1, 0)) -> 94.8 | L87: =SUMIF(OFFSET(INDIRECT("B"&$F87), 4, 0):INDIRECT("B"&$F88), "*"&$L$2&"*", OFFSET(INDIRECT("C"&$F87), 4, 0):OFFSET(INDIRECT("C"&$F88), -1, 0)) -> 54.8 | M87: =SUMIF(OFFSET(INDIRECT("B"&$F87), 4, 0):INDIRECT("B"&$F88), "*"&$M$2&"*", OFFSET(INDIRECT("C"&$F87), 4, 0):OFFSET(INDIRECT("C"&$F88), -1, 0)) -> 76.8 | N87: =SUMIF(OFFSET(INDIRECT("B"&$F87), 4, 0):INDIRECT("B"&$F88), "*"&$N$2&"*", OFFSET(INDIRECT("C"&$F87), 4, 0):OFFSET(INDIRECT("C"&$F88), -1, 0)) -> 115 | O87: =SUMIF(OFFSET(INDIRECT("B"&$F87), 4, 0):INDIRECT("B"&$F88), "*"&$O$2&"*", OFFSET(INDIRECT("C"&$F87), 4, 0):OFFSET(INDIRECT("C"&$F88), -1, 0)) -> 0 | P87: =SUMIF(OFFSET(INDIRECT("B"&$F87), 4, 0):INDIRECT("B"&$F88), "*"&$P$2&"*", OFFSET(INDIRECT("C"&$F87), 4, 0):OFFSET(INDIRECT("C"&$F88), -1, 0)) -> 294.4 | Q87: =SUM($I87:$P87) -> 1441.8 | W87: TS
A88: =IF(COUNTIF($V$3:$Y$99, $B88)<>0, ROW($B88), 0) -> 0 | B88: Strawberry + Scottish Fruits 330ml Cans 24x330ml cans | C88: 34.56 | D88: 1 | F88: {=INDEX(OFFSET(INDIRECT("A"&F87), 1, 0):OFFSET(OFFSET(INDIRECT("A"&F87), 1, 0), 100, 0),MATCH(TRUE,INDEX(OFFSET(INDIRECT("A"&F87), 1, 0):OFFSET(OFFSET(INDIRECT("A"&F87), 1, 0), 100, 0)<>0,),0))} -> 2152 | G88: {=INDIRECT("B"&$F88)} -> DA | H88: {=_xlfn.IFS(COUNTIF($V$3:$V$18, G88)<>0, "S", COUNTIF($W$3:$W$99, G88)<>0, "E", COUNTIF($X$3, G88)<>0, "I", COUNTIF($Y$3:$Y$8, G88)<>0, "W")} -> E | I88: =SUMIF(OFFSET(INDIRECT("B"&$F88), 4, 0):INDIRECT("B"&$F89), "*"&$I$2&"*", OFFSET(INDIRECT("C"&$F88), 4, 0):OFFSET(INDIRECT("C"&$F89), -1, 0)) -> 479.2 | J88: =SUMIF(OFFSET(INDIRECT("B"&$F88), 4, 0):INDIRECT("B"&$F89), "*"&$J$2&"*", OFFSET(INDIRECT("C"&$F88), 4, 0):OFFSET(INDIRECT("C"&$F89), -1, 0)) -> 0 | K88: =SUMIF(OFFSET(INDIRECT("B"&$F88), 4, 0):INDIRECT("B"&$F89), "*"&$K$2&"*", OFFSET(INDIRECT("C"&$F88), 4, 0):OFFSET(INDIRECT("C"&$F89), -1, 0)) -> 0 | L88: =SUMIF(OFFSET(INDIRECT("B"&$F88), 4, 0):INDIRECT("B"&$F89), "*"&$L$2&"*", OFFSET(INDIRECT("C"&$F88), 4, 0):OFFSET(INDIRECT("C"&$F89), -1, 0)) -> 93.2 | M88: =SUMIF(OFFSET(INDIRECT("B"&$F88), 4, 0):INDIRECT("B"&$F89), "*"&$M$2&"*", OFFSET(INDIRECT("C"&$F88), 4, 0):OFFSET(INDIRECT("C"&$F89), -1, 0)) -> 118.4 | N88: =SUMIF(OFFSET(INDIRECT("B"&$F88), 4, 0):INDIRECT("B"&$F89), "*"&$N$2&"*", OFFSET(INDIRECT("C"&$F88), 4, 0):OFFSET(INDIRECT("C"&$F89), -1, 0)) -> 0 | O88: =SUMIF(OFFSET(INDIRECT("B"&$F88), 4, 0):INDIRECT("B"&$F89), "*"&$O$2&"*", OFFSET(INDIRECT("C"&$F88), 4, 0):OFFSET(INDIRECT("C"&$F89), -1, 0)) -> 0 | P88: =SUMIF(OFFSET(INDIRECT("B"&$F88), 4, 0):INDIRECT("B"&$F89), "*"&$P$2&"*", OFFSET(INDIRECT("C"&$F88), 4, 0):OFFSET(INDIRECT("C"&$F89), -1, 0)) -> 0 | Q88: =SUM($I88:$P88) -> 690.8 | W88: TW
... A99: =IF(COUNTIF($V$3:$Y$99, $B99)<>0, ROW($B99), 0) -> 0 | B99: Ginger - Bottle 24 x 330ml | C99: 76.8 | D99: 2 | F99: {=INDEX(OFFSET(INDIRECT("A"&F98), 1, 0):OFFSET(OFFSET(INDIRECT("A"&F98), 1, 0), 100, 0),MATCH(TRUE,INDEX(OFFSET(INDIRECT("A"&F98), 1, 0):OFFSET(OFFSET(INDIRECT("A"&F98), 1, 0), 100, 0)<>0,),0))} -> 2342 | G99: {=INDIRECT("B"&$F99)} -> HU | H99: {=_xlfn.IFS(COUNTIF($V$3:$V$18, G99)<>0, "S", COUNTIF($W$3:$W$99, G99)<>0, "E", COUNTIF($X$3, G99)<>0, "I", COUNTIF($Y$3:$Y$8, G99)<>0, "W")} -> E | I99: =SUMIF(OFFSET(INDIRECT("B"&$F99), 4, 0):INDIRECT("B"&$F100), "*"&$I$2&"*", OFFSET(INDIRECT("C"&$F99), 4, 0):OFFSET(INDIRECT("C"&$F100), -1, 0)) -> 1033.6 | J99: =SUMIF(OFFSET(INDIRECT("B"&$F99), 4, 0):INDIRECT("B"&$F100), "*"&$J$2&"*", OFFSET(INDIRECT("C"&$F99), 4, 0):OFFSET(INDIRECT("C"&$F100), -1, 0)) -> 88.35 | K99: =SUMIF(OFFSET(INDIRECT("B"&$F99), 4, 0):INDIRECT("B"&$F100), "*"&$K$2&"*", OFFSET(INDIRECT("C"&$F99), 4, 0):OFFSET(INDIRECT("C"&$F100), -1, 0)) -> 54.8 | L99: =SUMIF(OFFSET(INDIRECT("B"&$F99), 4, 0):INDIRECT("B"&$F100), "*"&$L$2&"*", OFFSET(INDIRECT("C"&$F99), 4, 0):OFFSET(INDIRECT("C"&$F100), -1, 0)) -> 0 | M99: =SUMIF(OFFSET(INDIRECT("B"&$F99), 4, 0):INDIRECT("B"&$F100), "*"&$M$2&"*", OFFSET(INDIRECT("C"&$F99), 4, 0):OFFSET(INDIRECT("C"&$F100), -1, 0)) -> 38.4 | N99: =SUMIF(OFFSET(INDIRECT("B"&$F99), 4, 0):INDIRECT("B"&$F100), "*"&$N$2&"*", OFFSET(INDIRECT("C"&$F99), 4, 0):OFFSET(INDIRECT("C"&$F100), -1, 0)) -> 28.75 | O99: =SUMIF(OFFSET(INDIRECT("B"&$F99), 4, 0):INDIRECT("B"&$F100), "*"&$O$2&"*", OFFSET(INDIRECT("C"&$F99), 4, 0):OFFSET(INDIRECT("C"&$F100), -1, 0)) -> 0 | P99: =SUMIF(OFFSET(INDIRECT("B"&$F99), 4, 0):INDIRECT("B"&$F100), "*"&$P$2&"*", OFFSET(INDIRECT("C"&$F99), 4, 0):OFFSET(INDIRECT("C"&$F100), -1, 0)) -> 88.35 | Q99: =SUM($I99:$P99) -> 1332.25 | W99: YO
A100: =IF(COUNTIF($V$3:$Y$99, $B100)<>0, ROW($B100), 0) -> 0 | B100: Traditional Cider Liqueur 50cl | C100: 57.5 | D100: 2 | F100: {=INDEX(OFFSET(INDIRECT("A"&F99), 1, 0):OFFSET(OFFSET(INDIRECT("A"&F99), 1, 0), 100, 0),MATCH(TRUE,INDEX(OFFSET(INDIRECT("A"&F99), 1, 0):OFFSET(OFFSET(INDIRECT("A"&F99), 1, 0), 100, 0)<>0,),0))} -> 2362 | G100: {=INDIRECT("B"&$F100)} -> RH | H100: {=_xlfn.IFS(COUNTIF($V$3:$V$18, G100)<>0, "S", COUNTIF($W$3:$W$99, G100)<>0, "E", COUNTIF($X$3, G100)<>0, "I", COUNTIF($Y$3:$Y$8, G100)<>0, "W")} -> E | I100: =SUMIF(OFFSET(INDIRECT("B"&$F100), 4, 0):INDIRECT("B"&$F101), "*"&$I$2&"*", OFFSET(INDIRECT("C"&$F100), 4, 0):OFFSET(INDIRECT("C"&$F101), -1, 0)) -> 1428.8 | J100: =SUMIF(OFFSET(INDIRECT("B"&$F100), 4, 0):INDIRECT("B"&$F101), "*"&$J$2&"*", OFFSET(INDIRECT("C"&$F100), 4, 0):OFFSET(INDIRECT("C"&$F101), -1, 0)) -> 0 | K100: =SUMIF(OFFSET(INDIRECT("B"&$F100), 4, 0):INDIRECT("B"&$F101), "*"&$K$2&"*", OFFSET(INDIRECT("C"&$F100), 4, 0):OFFSET(INDIRECT("C"&$F101), -1, 0)) -> 0 | L100: =SUMIF(OFFSET(INDIRECT("B"&$F100), 4, 0):INDIRECT("B"&$F101), "*"&$L$2&"*", OFFSET(INDIRECT("C"&$F100), 4, 0):OFFSET(INDIRECT("C"&$F101), -1, 0)) -> 109.6 | M100: =SUMIF(OFFSET(INDIRECT("B"&$F100), 4, 0):INDIRECT("B"&$F101), "*"&$M$2&"*", OFFSET(INDIRECT("C"&$F100), 4, 0):OFFSET(INDIRECT("C"&$F101), -1, 0)) -> 102.4 | N100: =SUMIF(OFFSET(INDIRECT("B"&$F100), 4, 0):INDIRECT("B"&$F101), "*"&$N$2&"*", OFFSET(INDIRECT("C"&$F100), 4, 0):OFFSET(INDIRECT("C"&$F101), -1, 0)) -> 38.4 | O100: =SUMIF(OFFSET(INDIRECT("B"&$F100), 4, 0):INDIRECT("B"&$F101), "*"&$O$2&"*", OFFSET(INDIRECT("C"&$F100), 4, 0):OFFSET(INDIRECT("C"&$F101), -1, 0)) -> 104 | P100: =SUMIF(OFFSET(INDIRECT("B"&$F100), 4, 0):INDIRECT("B"&$F101), "*"&$P$2&"*", OFFSET(INDIRECT("C"&$F100), 4, 0):OFFSET(INDIRECT("C"&$F101), -1, 0)) -> 134.3 | Q100: =SUM($I100:$P100) -> 1917.5
A101: =IF(COUNTIF($V$3:$Y$99, $B101)<>0, ROW($B101), 0) -> 0 | B101: Elderflower - Bottle 24 x 330ml | C101: 76.8 | D101: 2 | F101: {=INDEX(OFFSET(INDIRECT("A"&F100), 1, 0):OFFSET(OFFSET(INDIRECT("A"&F100), 1, 0), 100, 0),MATCH(TRUE,INDEX(OFFSET(INDIRECT("A"&F100), 1, 0):OFFSET(OFFSET(INDIRECT("A"&F100), 1, 0), 100, 0)<>0,),0))} -> 2384 | G101: {=INDIRECT("B"&$F101)} -> SA | H101: {=_xlfn.IFS(COUNTIF($V$3:$V$18, G101)<>0, "S", COUNTIF($W$3:$W$99, G101)<>0, "E", COUNTIF($X$3, G101)<>0, "I", COUNTIF($Y$3:$Y$8, G101)<>0, "W")} -> W | I101: =SUMIF(OFFSET(INDIRECT("B"&$F101), 4, 0):INDIRECT("B"&$F102), "*"&$I$2&"*", OFFSET(INDIRECT("C"&$F101), 4, 0):OFFSET(INDIRECT("C"&$F102), -1, 0)) -> 309.2 | J101: =SUMIF(OFFSET(INDIRECT("B"&$F101), 4, 0):INDIRECT("B"&$F102), "*"&$J$2&"*", OFFSET(INDIRECT("C"&$F101), 4, 0):OFFSET(INDIRECT("C"&$F102), -1, 0)) -> 0 | K101: =SUMIF(OFFSET(INDIRECT("B"&$F101), 4, 0):INDIRECT("B"&$F102), "*"&$K$2&"*", OFFSET(INDIRECT("C"&$F101), 4, 0):OFFSET(INDIRECT("C"&$F102), -1, 0)) -> 28.75 | L101: =SUMIF(OFFSET(INDIRECT("B"&$F101), 4, 0):INDIRECT("B"&$F102), "*"&$L$2&"*", OFFSET(INDIRECT("C"&$F101), 4, 0):OFFSET(INDIRECT("C"&$F102), -1, 0)) -> 70.79 | M101: =SUMIF(OFFSET(INDIRECT("B"&$F101), 4, 0):INDIRECT("B"&$F102), "*"&$M$2&"*", OFFSET(INDIRECT("C"&$F101), 4, 0):OFFSET(INDIRECT("C"&$F102), -1, 0)) -> 38.4 | N101: =SUMIF(OFFSET(INDIRECT("B"&$F101), 4, 0):INDIRECT("B"&$F102), "*"&$N$2&"*", OFFSET(INDIRECT("C"&$F101), 4, 0):OFFSET(INDIRECT("C"&$F102), -1, 0)) -> 38.4 | O101: =SUMIF(OFFSET(INDIRECT("B"&$F101), 4, 0):INDIRECT("B"&$F102), "*"&$O$2&"*", OFFSET(INDIRECT("C"&$F101), 4, 0):OFFSET(INDIRECT("C"&$F102), -1, 0)) -> 102.4 | P101: =SUMIF(OFFSET(INDIRECT("B"&$F101), 4, 0):INDIRECT("B"&$F102), "*"&$P$2&"*", OFFSET(INDIRECT("C"&$F101), 4, 0):OFFSET(INDIRECT("C"&$F102), -1, 0)) -> 143.95 | Q101: =SUM($I101:$P101) -> 731.89
A102: =IF(COUNTIF($V$3:$Y$99, $B102)<>0, ROW($B102), 0) -> 0 | B102: Original - Can 24x330ml | C102: 38.4 | D102: 1 | F102: {=INDEX(OFFSET(INDIRECT("A"&F101), 1, 0):OFFSET(OFFSET(INDIRECT("A"&F101), 1, 0), 100, 0),MATCH(TRUE,INDEX(OFFSET(INDIRECT("A"&F101), 1, 0):OFFSET(OFFSET(INDIRECT("A"&F101), 1, 0), 100, 0)<>0,),0))} -> 2405 | G102: {=INDIRECT("B"&$F102)} -> TQ | H102: {=_xlfn.IFS(COUNTIF($V$3:$V$18, G102)<>0, "S", COUNTIF($W$3:$W$99, G102)<>0, "E", COUNTIF($X$3, G102)<>0, "I", COUNTIF($Y$3:$Y$8, G102)<>0, "W")} -> E | I102: =SUMIF(OFFSET(INDIRECT("B"&$F102), 4, 0):INDIRECT("B"&$F103), "*"&$I$2&"*", OFFSET(INDIRECT("C"&$F102), 4, 0):OFFSET(INDIRECT("C"&$F103), -1, 0)) -> 93.2 | J102: =SUMIF(OFFSET(INDIRECT("B"&$F102), 4, 0):INDIRECT("B"&$F103), "*"&$J$2&"*", OFFSET(INDIRECT("C"&$F102), 4, 0):OFFSET(INDIRECT("C"&$F103), -1, 0)) -> 0 | K102: =SUMIF(OFFSET(INDIRECT("B"&$F102), 4, 0):INDIRECT("B"&$F103), "*"&$K$2&"*", OFFSET(INDIRECT("C"&$F102), 4, 0):OFFSET(INDIRECT("C"&$F103), -1, 0)) -> 0 | L102: =SUMIF(OFFSET(INDIRECT("B"&$F102), 4, 0):INDIRECT("B"&$F103), "*"&$L$2&"*", OFFSET(INDIRECT("C"&$F102), 4, 0):OFFSET(INDIRECT("C"&$F103), -1, 0)) -> 0 | M102: =SUMIF(OFFSET(INDIRECT("B"&$F102), 4, 0):INDIRECT("B"&$F103), "*"&$M$2&"*", OFFSET(INDIRECT("C"&$F102), 4, 0):OFFSET(INDIRECT("C"&$F103), -1, 0)) -> 0 | N102: =SUMIF(OFFSET(INDIRECT("B"&$F102), 4, 0):INDIRECT("B"&$F103), "*"&$N$2&"*", OFFSET(INDIRECT("C"&$F102), 4, 0):OFFSET(INDIRECT("C"&$F103), -1, 0)) -> 0 | O102: =SUMIF(OFFSET(INDIRECT("B"&$F102), 4, 0):INDIRECT("B"&$F103), "*"&$O$2&"*", OFFSET(INDIRECT("C"&$F102), 4, 0):OFFSET(INDIRECT("C"&$F103), -1, 0)) -> 0 | P102: =SUMIF(OFFSET(INDIRECT("B"&$F102), 4, 0):INDIRECT("B"&$F103), "*"&$P$2&"*", OFFSET(INDIRECT("C"&$F102), 4, 0):OFFSET(INDIRECT("C"&$F103), -1, 0)) -> 76.8 | Q102: =SUM($I102:$P102) -> 170
A103: =IF(COUNTIF($V$3:$Y$99, $B103)<>0, ROW($B103), 0) -> 0 | B103: Strawberry - Bottle 24 x 330ml | C103: 38.4 | D103: 1 | F103: {=INDEX(OFFSET(INDIRECT("A"&F102), 1, 0):OFFSET(OFFSET(INDIRECT("A"&F102), 1, 0), 100, 0),MATCH(TRUE,INDEX(OFFSET(INDIRECT("A"&F102), 1, 0):OFFSET(OFFSET(INDIRECT("A"&F102), 1, 0), 100, 0)<>0,),0))} -> 2415 | G103: {=INDIRECT("B"&$F103)} -> HX | H103: {=_xlfn.IFS(COUNTIF($V$3:$V$18, G103)<>0, "S", COUNTIF($W$3:$W$99, G103)<>0, "E", COUNTIF($X$3, G103)<>0, "I", COUNTIF($Y$3:$Y$8, G103)<>0, "W")} -> E | I103: =SUMIF(OFFSET(INDIRECT("B"&$F103), 4, 0):INDIRECT("B"&$F104), "*"&$I$2&"*", OFFSET(INDIRECT("C"&$F103), 4, 0):OFFSET(INDIRECT("C"&$F104), -1, 0)) -> 570 | J103: =SUMIF(OFFSET(INDIRECT("B"&$F103), 4, 0):INDIRECT("B"&$F104), "*"&$J$2&"*", OFFSET(INDIRECT("C"&$F103), 4, 0):OFFSET(INDIRECT("C"&$F104), -1, 0)) -> 38.4 | K103: =SUMIF(OFFSET(INDIRECT("B"&$F103), 4, 0):INDIRECT("B"&$F104), "*"&$K$2&"*", OFFSET(INDIRECT("C"&$F103), 4, 0):OFFSET(INDIRECT("C"&$F104), -1, 0)) -> 28.75 | L103: =SUMIF(OFFSET(INDIRECT("B"&$F103), 4, 0):INDIRECT("B"&$F104), "*"&$L$2&"*", OFFSET(INDIRECT("C"&$F103), 4, 0):OFFSET(INDIRECT("C"&$F104), -1, 0)) -> 93.2 | M103: =SUMIF(OFFSET(INDIRECT("B"&$F103), 4, 0):INDIRECT("B"&$F104), "*"&$M$2&"*", OFFSET(INDIRECT("C"&$F103), 4, 0):OFFSET(INDIRECT("C"&$F104), -1, 0)) -> 38.4 | N103: =SUMIF(OFFSET(INDIRECT("B"&$F103), 4, 0):INDIRECT("B"&$F104), "*"&$N$2&"*", OFFSET(INDIRECT("C"&$F103), 4, 0):OFFSET(INDIRECT("C"&$F104), -1, 0)) -> 28.75 | O103: =SUMIF(OFFSET(INDIRECT("B"&$F103), 4, 0):INDIRECT("B"&$F104), "*"&$O$2&"*", OFFSET(INDIRECT("C"&$F103), 4, 0):OFFSET(INDIRECT("C"&$F104), -1, 0)) -> 0 | P103: =SUMIF(OFFSET(INDIRECT("B"&$F103), 4, 0):INDIRECT("B"&$F104), "*"&$P$2&"*", OFFSET(INDIRECT("C"&$F103), 4, 0):OFFSET(INDIRECT("C"&$F104), -1, 0)) -> 67.15 | Q103: =SUM($I103:$P103) -> 864.65
A104: =IF(COUNTIF($V$3:$Y$99, $B104)<>0, ROW($B104), 0) -> 0 | B104: Whisky Cask - Bottle 24 x 330ml | C104: 115.2 | D104: 3 | F104: {=INDEX(OFFSET(INDIRECT("A"&F103), 1, 0):OFFSET(OFFSET(INDIRECT("A"&F103), 1, 0), 100, 0),MATCH(TRUE,INDEX(OFFSET(INDIRECT("A"&F103), 1, 0):OFFSET(OFFSET(INDIRECT("A"&F103), 1, 0), 100, 0)<>0,),0))} -> 2433 | G104: {=INDIRECT("B"&$F104)} -> WF | H104: {=_xlfn.IFS(COUNTIF($V$3:$V$18, G104)<>0, "S", COUNTIF($W$3:$W$99, G104)<>0, "E", COUNTIF($X$3, G104)<>0, "I", COUNTIF($Y$3:$Y$8, G104)<>0, "W")} -> E | I104: =SUMIF(OFFSET(INDIRECT("B"&$F104), 4, 0):INDIRECT("B"&$F105), "*"&$I$2&"*", OFFSET(INDIRECT("C"&$F104), 4, 0):OFFSET(INDIRECT("C"&$F105), -1, 0)) -> 941.2 | J104: =SUMIF(OFFSET(INDIRECT("B"&$F104), 4, 0):INDIRECT("B"&$F105), "*"&$J$2&"*", OFFSET(INDIRECT("C"&$F104), 4, 0):OFFSET(INDIRECT("C"&$F105), -1, 0)) -> 40 | K104: =SUMIF(OFFSET(INDIRECT("B"&$F104), 4, 0):INDIRECT("B"&$F105), "*"&$K$2&"*", OFFSET(INDIRECT("C"&$F104), 4, 0):OFFSET(INDIRECT("C"&$F105), -1, 0)) -> 0 | L104: =SUMIF(OFFSET(INDIRECT("B"&$F104), 4, 0):INDIRECT("B"&$F105), "*"&$L$2&"*", OFFSET(INDIRECT("C"&$F104), 4, 0):OFFSET(INDIRECT("C"&$F105), -1, 0)) -> 38.4 | M104: =SUMIF(OFFSET(INDIRECT("B"&$F104), 4, 0):INDIRECT("B"&$F105), "*"&$M$2&"*", OFFSET(INDIRECT("C"&$F104), 4, 0):OFFSET(INDIRECT("C"&$F105), -1, 0)) -> 54.8 | N104: =SUMIF(OFFSET(INDIRECT("B"&$F104), 4, 0):INDIRECT("B"&$F105), "*"&$N$2&"*", OFFSET(INDIRECT("C"&$F104), 4, 0):OFFSET(INDIRECT("C"&$F105), -1, 0)) -> 57.5 | O104: =SUMIF(OFFSET(INDIRECT("B"&$F104), 4, 0):INDIRECT("B"&$F105), "*"&$O$2&"*", OFFSET(INDIRECT("C"&$F104), 4, 0):OFFSET(INDIRECT("C"&$F105), -1, 0)) -> 0 | P104: =SUMIF(OFFSET(INDIRECT("B"&$F104), 4, 0):INDIRECT("B"&$F105), "*"&$P$2&"*", OFFSET(INDIRECT("C"&$F104), 4, 0):OFFSET(INDIRECT("C"&$F105), -1, 0)) -> 468.7 | Q104: =SUM($I104:$P104) -> 1600.6
A105: =IF(COUNTIF($V$3:$Y$99, $B105)<>0, ROW($B105), 0) -> 0 | B105: Scottish Fruits - Bottle | C105: 72.96 | D105: 2 | F105: {=INDEX(OFFSET(INDIRECT("A"&F104), 1, 0):OFFSET(OFFSET(INDIRECT("A"&F104), 1, 0), 100, 0),MATCH(TRUE,INDEX(OFFSET(INDIRECT("A"&F104), 1, 0):OFFSET(OFFSET(INDIRECT("A"&F104), 1, 0), 100, 0)<>0,),0))} -> 2456 | G105: {=INDIRECT("B"&$F105)} -> TR | H105: {=_xlfn.IFS(COUNTIF($V$3:$V$18, G105)<>0, "S", COUNTIF($W$3:$W$99, G105)<>0, "E", COUNTIF($X$3, G105)<>0, "I", COUNTIF($Y$3:$Y$8, G105)<>0, "W")} -> E | I105: =SUMIF(OFFSET(INDIRECT("B"&$F105), 4, 0):INDIRECT("B"&$F106), "*"&$I$2&"*", OFFSET(INDIRECT("C"&$F105), 4, 0):OFFSET(INDIRECT("C"&$F106), -1, 0)) -> 401.6 | J105: =SUMIF(OFFSET(INDIRECT("B"&$F105), 4, 0):INDIRECT("B"&$F106), "*"&$J$2&"*", OFFSET(INDIRECT("C"&$F105), 4, 0):OFFSET(INDIRECT("C"&$F106), -1, 0)) -> 0 | K105: =SUMIF(OFFSET(INDIRECT("B"&$F105), 4, 0):INDIRECT("B"&$F106), "*"&$K$2&"*", OFFSET(INDIRECT("C"&$F105), 4, 0):OFFSET(INDIRECT("C"&$F106), -1, 0)) -> 0 | L105: =SUMIF(OFFSET(INDIRECT("B"&$F105), 4, 0):INDIRECT("B"&$F106), "*"&$L$2&"*", OFFSET(INDIRECT("C"&$F105), 4, 0):OFFSET(INDIRECT("C"&$F106), -1, 0)) -> 131.6 | M105: =SUMIF(OFFSET(INDIRECT("B"&$F105), 4, 0):INDIRECT("B"&$F106), "*"&$M$2&"*", OFFSET(INDIRECT("C"&$F105), 4, 0):OFFSET(INDIRECT("C"&$F106), -1, 0)) -> 192 | N105: =SUMIF(OFFSET(INDIRECT("B"&$F105), 4, 0):INDIRECT("B"&$F106), "*"&$N$2&"*", OFFSET(INDIRECT("C"&$F105), 4, 0):OFFSET(INDIRECT("C"&$F106), -1, 0)) -> 0 | O105: =SUMIF(OFFSET(INDIRECT("B"&$F105), 4, 0):INDIRECT("B"&$F106), "*"&$O$2&"*", OFFSET(INDIRECT("C"&$F105), 4, 0):OFFSET(INDIRECT("C"&$F106), -1, 0)) -> 0 | P105: =SUMIF(OFFSET(INDIRECT("B"&$F105), 4, 0):INDIRECT("B"&$F106), "*"&$P$2&"*", OFFSET(INDIRECT("C"&$F105), 4, 0):OFFSET(INDIRECT("C"&$F106), -1, 0)) -> 94.8 | Q105: =SUM($I105:$P105) -> 820
A106: =IF(COUNTIF($V$3:$Y$99, $B106)<>0, ROW($B106), 0) -> 0 | B106: Cloudy - 2x5L Ciderbox 2 x 5L Ciderbox | C106: 40 | D106: 1 | F106: {=INDEX(OFFSET(INDIRECT("A"&F105), 1, 0):OFFSET(OFFSET(INDIRECT("A"&F105), 1, 0), 100, 0),MATCH(TRUE,INDEX(OFFSET(INDIRECT("A"&F105), 1, 0):OFFSET(OFFSET(INDIRECT("A"&F105), 1, 0), 100, 0)<>0,),0))} -> 2472 | G106: {=INDIRECT("B"&$F106)} -> HR | H106: {=_xlfn.IFS(COUNTIF($V$3:$V$18, G106)<>0, "S", COUNTIF($W$3:$W$99, G106)<>0, "E", COUNTIF($X$3, G106)<>0, "I", COUNTIF($Y$3:$Y$8, G106)<>0, "W")} -> E | I106: =SUMIF(OFFSET(INDIRECT("B"&$F106), 4, 0):INDIRECT("B"&$F107), "*"&$I$2&"*", OFFSET(INDIRECT("C"&$F106), 4, 0):OFFSET(INDIRECT("C"&$F107), -1, 0)) -> 76.8 | J106: =SUMIF(OFFSET(INDIRECT("B"&$F106), 4, 0):INDIRECT("B"&$F107), "*"&$J$2&"*", OFFSET(INDIRECT("C"&$F106), 4, 0):OFFSET(INDIRECT("C"&$F107), -1, 0)) -> 0 | K106: =SUMIF(OFFSET(INDIRECT("B"&$F106), 4, 0):INDIRECT("B"&$F107), "*"&$K$2&"*", OFFSET(INDIRECT("C"&$F106), 4, 0):OFFSET(INDIRECT("C"&$F107), -1, 0)) -> 0 | L106: =SUMIF(OFFSET(INDIRECT("B"&$F106), 4, 0):INDIRECT("B"&$F107), "*"&$L$2&"*", OFFSET(INDIRECT("C"&$F106), 4, 0):OFFSET(INDIRECT("C"&$F107), -1, 0)) -> 0 | M106: =SUMIF(OFFSET(INDIRECT("B"&$F106), 4, 0):INDIRECT("B"&$F107), "*"&$M$2&"*", OFFSET(INDIRECT("C"&$F106), 4, 0):OFFSET(INDIRECT("C"&$F107), -1, 0)) -> 40 | N106: =SUMIF(OFFSET(INDIRECT("B"&$F106), 4, 0):INDIRECT("B"&$F107), "*"&$N$2&"*", OFFSET(INDIRECT("C"&$F106), 4, 0):OFFSET(INDIRECT("C"&$F107), -1, 0)) -> 0 | O106: =SUMIF(OFFSET(INDIRECT("B"&$F106), 4, 0):INDIRECT("B"&$F107), "*"&$O$2&"*", OFFSET(INDIRECT("C"&$F106), 4, 0):OFFSET(INDIRECT("C"&$F107), -1, 0)) -> 0 | P106: =SUMIF(OFFSET(INDIRECT("B"&$F106), 4, 0):INDIRECT("B"&$F107), "*"&$P$2&"*", OFFSET(INDIRECT("C"&$F106), 4, 0):OFFSET(INDIRECT("C"&$F107), -1, 0)) -> 67.15 | Q106: =SUM($I106:$P106) -> 183.95
A107: =IF(COUNTIF($V$3:$Y$99, $B107)<>0, ROW($B107), 0) -> 0 | B107: Original - 2x5L Ciderbox 2 x 5L Ciderbox | C107: 40 | D107: 1 | F107: {=INDEX(OFFSET(INDIRECT("A"&F106), 1, 0):OFFSET(OFFSET(INDIRECT("A"&F106), 1, 0), 100, 0),MATCH(TRUE,INDEX(OFFSET(INDIRECT("A"&F106), 1, 0):OFFSET(OFFSET(INDIRECT("A"&F106), 1, 0), 100, 0)<>0,),0))} -> 2482 | G107: {=INDIRECT("B"&$F107)} -> FY | H107: {=_xlfn.IFS(COUNTIF($V$3:$V$18, G107)<>0, "S", COUNTIF($W$3:$W$99, G107)<>0, "E", COUNTIF($X$3, G107)<>0, "I", COUNTIF($Y$3:$Y$8, G107)<>0, "W")} -> E | I107: =SUMIF(OFFSET(INDIRECT("B"&$F107), 4, 0):INDIRECT("B"&$F108), "*"&$I$2&"*", OFFSET(INDIRECT("C"&$F107), 4, 0):OFFSET(INDIRECT("C"&$F108), -1, 0)) -> 0 | J107: =SUMIF(OFFSET(INDIRECT("B"&$F107), 4, 0):INDIRECT("B"&$F108), "*"&$J$2&"*", OFFSET(INDIRECT("C"&$F107), 4, 0):OFFSET(INDIRECT("C"&$F108), -1, 0)) -> 54.8 | K107: =SUMIF(OFFSET(INDIRECT("B"&$F107), 4, 0):INDIRECT("B"&$F108), "*"&$K$2&"*", OFFSET(INDIRECT("C"&$F107), 4, 0):OFFSET(INDIRECT("C"&$F108), -1, 0)) -> 0 | L107: =SUMIF(OFFSET(INDIRECT("B"&$F107), 4, 0):INDIRECT("B"&$F108), "*"&$L$2&"*", OFFSET(INDIRECT("C"&$F107), 4, 0):OFFSET(INDIRECT("C"&$F108), -1, 0)) -> 54.8 | M107: =SUMIF(OFFSET(INDIRECT("B"&$F107), 4, 0):INDIRECT("B"&$F108), "*"&$M$2&"*", OFFSET(INDIRECT("C"&$F107), 4, 0):OFFSET(INDIRECT("C"&$F108), -1, 0)) -> 0 | N107: =SUMIF(OFFSET(INDIRECT("B"&$F107), 4, 0):INDIRECT("B"&$F108), "*"&$N$2&"*", OFFSET(INDIRECT("C"&$F107), 4, 0):OFFSET(INDIRECT("C"&$F108), -1, 0)) -> 0 | O107: =SUMIF(OFFSET(INDIRECT("B"&$F107), 4, 0):INDIRECT("B"&$F108), "*"&$O$2&"*", OFFSET(INDIRECT("C"&$F107), 4, 0):OFFSET(INDIRECT("C"&$F108), -1, 0)) -> 0 | P107: =SUMIF(OFFSET(INDIRECT("B"&$F107), 4, 0):INDIRECT("B"&$F108), "*"&$P$2&"*", OFFSET(INDIRECT("C"&$F107), 4, 0):OFFSET(INDIRECT("C"&$F108), -1, 0)) -> 115.2 | Q107: =SUM($I107:$P107) -> 224.8
A108: =IF(COUNTIF($V$3:$Y$99, $B108)<>0, ROW($B108), 0) -> 0 | B108: Scottish Fruits 24 x 330ml | C108: 38.4 | D108: 1 | F108: {=INDEX(OFFSET(INDIRECT("A"&F107), 1, 0):OFFSET(OFFSET(INDIRECT("A"&F107), 1, 0), 100, 0),MATCH(TRUE,INDEX(OFFSET(INDIRECT("A"&F107), 1, 0):OFFSET(OFFSET(INDIRECT("A"&F107), 1, 0), 100, 0)<>0,),0))} -> 2491 | G108: {=INDIRECT("B"&$F108)} -> N | H108: {=_xlfn.IFS(COUNTIF($V$3:$V$18, G108)<>0, "S", COUNTIF($W$3:$W$99, G108)<>0, "E", COUNTIF($X$3, G108)<>0, "I", COUNTIF($Y$3:$Y$8, G108)<>0, "W")} -> E | I108: =SUMIF(OFFSET(INDIRECT("B"&$F108), 4, 0):INDIRECT("B"&$F109), "*"&$I$2&"*", OFFSET(INDIRECT("C"&$F108), 4, 0):OFFSET(INDIRECT("C"&$F109), -1, 0)) -> 817.6 | J108: =SUMIF(OFFSET(INDIRECT("B"&$F108), 4, 0):INDIRECT("B"&$F109), "*"&$J$2&"*", OFFSET(INDIRECT("C"&$F108), 4, 0):OFFSET(INDIRECT("C"&$F109), -1, 0)) -> 0 | K108: =SUMIF(OFFSET(INDIRECT("B"&$F108), 4, 0):INDIRECT("B"&$F109), "*"&$K$2&"*", OFFSET(INDIRECT("C"&$F108), 4, 0):OFFSET(INDIRECT("C"&$F109), -1, 0)) -> 76.8 | L108: =SUMIF(OFFSET(INDIRECT("B"&$F108), 4, 0):INDIRECT("B"&$F109), "*"&$L$2&"*", OFFSET(INDIRECT("C"&$F108), 4, 0):OFFSET(INDIRECT("C"&$F109), -1, 0)) -> 185.99 | M108: =SUMIF(OFFSET(INDIRECT("B"&$F108), 4, 0):INDIRECT("B"&$F109), "*"&$M$2&"*", OFFSET(INDIRECT("C"&$F108), 4, 0):OFFSET(INDIRECT("C"&$F109), -1, 0)) -> 54.8 | N108: =SUMIF(OFFSET(INDIRECT("B"&$F108), 4, 0):INDIRECT("B"&$F109), "*"&$N$2&"*", OFFSET(INDIRECT("C"&$F108), 4, 0):OFFSET(INDIRECT("C"&$F109), -1, 0)) -> 0 | O108: =SUMIF(OFFSET(INDIRECT("B"&$F108), 4, 0):INDIRECT("B"&$F109), "*"&$O$2&"*", OFFSET(INDIRECT("C"&$F108), 4, 0):OFFSET(INDIRECT("C"&$F109), -1, 0)) -> 0 | P108: =SUMIF(OFFSET(INDIRECT("B"&$F108), 4, 0):INDIRECT("B"&$F109), "*"&$P$2&"*", OFFSET(INDIRECT("C"&$F108), 4, 0):OFFSET(INDIRECT("C"&$F109), -1, 0)) -> 95.9 | Q108: =SUM($I108:$P108) -> 1231.09
A109: =IF(COUNTIF($V$3:$Y$99, $B109)<>0, ROW($B109), 0) -> 0 | B109: Cidershed 24 x 330ml | C109: 115.2 | D109: 3 | F109: {=INDEX(OFFSET(INDIRECT("A"&F108), 1, 0):OFFSET(OFFSET(INDIRECT("A"&F108), 1, 0), 100, 0),MATCH(TRUE,INDEX(OFFSET(INDIRECT("A"&F108), 1, 0):OFFSET(OFFSET(INDIRECT("A"&F108), 1, 0), 100, 0)<>0,),0))} -> 2513 | G109: {=INDIRECT("B"&$F109)} -> PL | H109: {=_xlfn.IFS(COUNTIF($V$3:$V$18, G109)<>0, "S", COUNTIF($W$3:$W$99, G109)<>0, "E", COUNTIF($X$3, G109)<>0, "I", COUNTIF($Y$3:$Y$8, G109)<>0, "W")} -> E | I109: =SUMIF(OFFSET(INDIRECT("B"&$F109), 4, 0):INDIRECT("B"&$F110), "*"&$I$2&"*", OFFSET(INDIRECT("C"&$F109), 4, 0):OFFSET(INDIRECT("C"&$F110), -1, 0)) -> 402.4 | J109: =SUMIF(OFFSET(INDIRECT("B"&$F109), 4, 0):INDIRECT("B"&$F110), "*"&$J$2&"*", OFFSET(INDIRECT("C"&$F109), 4, 0):OFFSET(INDIRECT("C"&$F110), -1, 0)) -> 0 | K109: =SUMIF(OFFSET(INDIRECT("B"&$F109), 4, 0):INDIRECT("B"&$F110), "*"&$K$2&"*", OFFSET(INDIRECT("C"&$F109), 4, 0):OFFSET(INDIRECT("C"&$F110), -1, 0)) -> 0 | L109: =SUMIF(OFFSET(INDIRECT("B"&$F109), 4, 0):INDIRECT("B"&$F110), "*"&$L$2&"*", OFFSET(INDIRECT("C"&$F109), 4, 0):OFFSET(INDIRECT("C"&$F110), -1, 0)) -> 115.2 | M109: =SUMIF(OFFSET(INDIRECT("B"&$F109), 4, 0):INDIRECT("B"&$F110), "*"&$M$2&"*", OFFSET(INDIRECT("C"&$F109), 4, 0):OFFSET(INDIRECT("C"&$F110), -1, 0)) -> 64 | N109: =SUMIF(OFFSET(INDIRECT("B"&$F109), 4, 0):INDIRECT("B"&$F110), "*"&$N$2&"*", OFFSET(INDIRECT("C"&$F109), 4, 0):OFFSET(INDIRECT("C"&$F110), -1, 0)) -> 0 | O109: =SUMIF(OFFSET(INDIRECT("B"&$F109), 4, 0):INDIRECT("B"&$F110), "*"&$O$2&"*", OFFSET(INDIRECT("C"&$F109), 4, 0):OFFSET(INDIRECT("C"&$F110), -1, 0)) -> 0 | P109: =SUMIF(OFFSET(INDIRECT("B"&$F109), 4, 0):INDIRECT("B"&$F110), "*"&$P$2&"*", OFFSET(INDIRECT("C"&$F109), 4, 0):OFFSET(INDIRECT("C"&$F110), -1, 0)) -> 38.4 | Q109: =SUM($I109:$P109) -> 620
A110: =IF(COUNTIF($V$3:$Y$99, $B110)<>0, ROW($B110), 0) -> 0 | B110: Scottish Fruits Cider Liqueur - Valentines Pack 50cl | C110: 86.25 | D110: 3 | F110: {=INDEX(OFFSET(INDIRECT("A"&F109), 1, 0):OFFSET(OFFSET(INDIRECT("A"&F109), 1, 0), 100, 0),MATCH(TRUE,INDEX(OFFSET(INDIRECT("A"&F109), 1, 0):OFFSET(OFFSET(INDIRECT("A"&F109), 1, 0), 100, 0)<>0,),0))} -> 2526 | G110: {=INDIRECT("B"&$F110)} -> WN | H110: {=_xlfn.IFS(COUNTIF($V$3:$V$18, G110)<>0, "S", COUNTIF($W$3:$W$99, G110)<>0, "E", COUNTIF($X$3, G110)<>0, "I", COUNTIF($Y$3:$Y$8, G110)<>0, "W")} -> E | I110: =SUMIF(OFFSET(INDIRECT("B"&$F110), 4, 0):INDIRECT("B"&$F111), "*"&$I$2&"*", OFFSET(INDIRECT("C"&$F110), 4, 0):OFFSET(INDIRECT("C"&$F111), -1, 0)) -> 428.8 | J110: =SUMIF(OFFSET(INDIRECT("B"&$F110), 4, 0):INDIRECT("B"&$F111), "*"&$J$2&"*", OFFSET(INDIRECT("C"&$F110), 4, 0):OFFSET(INDIRECT("C"&$F111), -1, 0)) -> 0 | K110: =SUMIF(OFFSET(INDIRECT("B"&$F110), 4, 0):INDIRECT("B"&$F111), "*"&$K$2&"*", OFFSET(INDIRECT("C"&$F110), 4, 0):OFFSET(INDIRECT("C"&$F111), -1, 0)) -> 0 | L110: =SUMIF(OFFSET(INDIRECT("B"&$F110), 4, 0):INDIRECT("B"&$F111), "*"&$L$2&"*", OFFSET(INDIRECT("C"&$F110), 4, 0):OFFSET(INDIRECT("C"&$F111), -1, 0)) -> 92.79 | M110: =SUMIF(OFFSET(INDIRECT("B"&$F110), 4, 0):INDIRECT("B"&$F111), "*"&$M$2&"*", OFFSET(INDIRECT("C"&$F110), 4, 0):OFFSET(INDIRECT("C"&$F111), -1, 0)) -> 115.2 | N110: =SUMIF(OFFSET(INDIRECT("B"&$F110), 4, 0):INDIRECT("B"&$F111), "*"&$N$2&"*", OFFSET(INDIRECT("C"&$F110), 4, 0):OFFSET(INDIRECT("C"&$F111), -1, 0)) -> 34.56 | O110: =SUMIF(OFFSET(INDIRECT("B"&$F110), 4, 0):INDIRECT("B"&$F111), "*"&$O$2&"*", OFFSET(INDIRECT("C"&$F110), 4, 0):OFFSET(INDIRECT("C"&$F111), -1, 0)) -> 0 | P110: =SUMIF(OFFSET(INDIRECT("B"&$F110), 4, 0):INDIRECT("B"&$F111), "*"&$P$2&"*", OFFSET(INDIRECT("C"&$F110), 4, 0):OFFSET(INDIRECT("C"&$F111), -1, 0)) -> 93.2 | Q110: =SUM($I110:$P110) -> 764.55
...

Sheet Original Data
A1: PE
A2: Total # Sold | B2: 68
A3: Total Sales | B3: 3033.05
A4: Product Name | B4: Sales | C4: Quantity
A5: Original - Bottle 24 x 500ml | B5: 164.4 | C5: 6
A6: Traditional - Bottle 24 x 500ml | B6: 54.8 | C6: 1
A7: Whisky Cask - Bottle 24 x 500ml | B7: 602.8 | C7: 11
A8: Strawberry - Bottle 24 x 500ml | B8: 328.8 | C8: 6
A9: Ginger - Bottle 24 x 330ml | B9: 76.8 | C9: 2
A10: Cloudy - 2x5L Ciderbox 2 x 5L Ciderbox | B10: 40 | C10: 1
A11: Thistly Cross Selection Box Gift Box | B11: 140 | C11: 4
A12: Original - Bottle 24 x 330ml | B12: 153.6 | C12: 4
A13: Traditional Cider Liqueur 50cl | B13: 28.75 | C13: 1
A14: Whisky Cask - 20L Ciderbox 20L Ciderbox | B14: 408 | C14: 6
A15: Whisky Cask - 10L Ciderbox 10L | B15: 35.2 | C15: 1
A16: Traditional - Bottle 24 x 330ml | B16: 153.6 | C16: 4
... A22: MIx + Match 500ml - March Offer | B22: 49.95 | C22: 1
A23: KA
A24: Total # Sold | B24: 122
A25: Total Sales | B25: 4727.19
A26: Product Name | B26: Sales | C26: Quantity
A27: Thistly Cross Selection Box Gift Box | B27: 595 | C27: 17
A28: Mix & Match 500ml Bottle Case (24 bottles) | B28: 383.6 | C28: 7
A29: Traditional - 2x5L Ciderbox 2 x 5L Ciderbox | B29: 80 | C29: 2
A30: Whisky Cask - Bottle 24 x 330ml | B30: 230.4 | C30: 7
A31: Strawberry - Bottle 24 x 500ml | B31: 219.2 | C31: 4
A32: Mull at Home Cider Kit | B32: 75 | C32: 2
A33: Traditional - Bottle 24 x 330ml | B33: 422.4 | C33: 11
A34: Cloudy - Bottle 24 x 330ml | B34: 230.4 | C34: 11
A35: Traditional - Bottle 24 x 500ml | B35: 274 | C35: 5
A36: Mix & Match 330ml Bottle Case (24 Bottles) | B36: 614.4 | C36: 16
A37: Strawberry - Can | B37: 38.4 | C37: 1
A38: Original - Bottle 24 x 500ml | B38: 219.2 | C38: 4
... A59: Scottish Fruits Cider Liqueur - Valentines Pack 50cl | B59: 28.75 | C59: 1
A60: EC
A61: Total # Sold | B61: 12
A62: Total Sales | B62: 601.4
A63: Product Name | B63: Sales | C63: Quantity
A64: Elderflower - 20L Ciderbox 20L Ciderbox | B64: 192 | C64: 3
A65: Elderflower - 2x5L Ciderbox 2 x 5L Ciderbox | B65: 40 | C65: 1
A66: Whisky Cask - Bottle 24 x 330ml | B66: 38.4 | C66: 1
A67: Elderflower - Bottle 24 x 500ml | B67: 109.6 | C67: 2
A68: Ginger - Bottle 24 x 330ml | B68: 38.4 | C68: 1
A69: Whisky Cask - Bottle 24 x 500ml | B69: 54.8 | C69: 1
A70: Traditional - Bottle 24 x 500ml | B70: 54.8 | C70: 1
A71: Thistly Cross Selection Box Gift Box | B71: 35 | C71: 1
A72: Mix & Match 330ml Bottle Case (24 Bottles) | B72: 38.4 | C72: 1
A73: TD
A74: Total # Sold | B74: 128
A75: Total Sales | B75: 5201.37
A76: Product Name | B76: Sales | C76: Quantity
A77: Whisky Cask - 2x5L Ciderbox 2 x 5L Ciderbox | B77: 80 | C77: 2
A78: Traditional - Bottle 24 x 330ml | B78: 537.6 | C78: 18
A79: Mix & Match 500ml Bottle Case (24 bottles) | B79: 602.8 | C79: 12
A80: Elderflower 0.5% 24 x 500ml | B80: 42.5 | C80: 1
A81: Thistly Cross Cider Bumper Box | B81: 328.8 | C81: 7
A82: Mix & Match 330ml Bottle Case (24 Bottles) | B82: 614.4 | C82: 16
A83: Traditional - Can 24 x 330ml | B83: 38.4 | C83: 1
A84: Elderflower - Bottle 24 x 500ml | B84: 54.8 | C84: 1
A85: Original - Bottle 24 x 500ml | B85: 109.6 | C85: 2
A86: Traditional - Bottle 24 x 500ml | B86: 164.4 | C86: 3
A87: Thistly Cross Selection Box Gift Box | B87: 420 | C87: 12
A88: Strawberry + Scottish Fruits 330ml Cans 24x330ml cans | B88: 34.56 | C88: 1
... A110: Scottish Fruits Cider Liqueur - Valentines Pack 50cl | B110: 86.25 | C110: 3
A111: OX
A112: Total # Sold | B112: 59
A113: Total Sales | B113: 2340.5
A114: Product Name | B114: Sales | C114: Quantity
A115: Traditional - Bottle 24 x 330ml | B115: 153.6 | C115: 4
A116: Traditional - Bottle 24 x 500ml | B116: 109.6 | C116: 3
A117: Original - 2x5L Ciderbox 2 x 5L Ciderbox | B117: 40 | C117: 1
A118: Whisky Cask - Bottle 24 x 500ml | B118: 328.8 | C118: 7
A119: Strawberry - 2x5L Ciderbox 2 x 5L Ciderbox | B119: 40 | C119: 1
A120: Whisky Cask - Bottle 24 x 330ml | B120: 384 | C120: 10
A121: Mix & Match Ciderboxes (2x5L) | B121: 80 | C121: 2
A122: Mix & Match 330ml Bottle Case (24 Bottles) | B122: 307.2 | C122: 8
A123: Traditional - 2x5L Ciderbox 2 x 5L Ciderbox | B123: 40 | C123: 1
A124: Strawberry - Bottle 24 x 500ml | B124: 109.6 | C124: 2
A125: Mix & Match 500ml Bottle Case (24 bottles) | B125: 164.4 | C125: 4
A126: Cloudy - Bottle 24 x 330ml | B126: 38.4 | C126: 1
... A134: Cidershed 24 x 330ml | B134: 38.4 | C134: 1
A135: AB
A136: Total # Sold | B136: 453
A137: Total Sales | B137: 17004.37
A138: Product Name | B138: Sales | C138: Quantity
A139: Traditional - Bottle 24 x 330ml | B139: 1843.2 | C139: 58
A140: Original - Bottle 24 x 330ml | B140: 691.2 | C140: 28
A141: Traditional - 20L Ciderbox 20L Ciderbox | B141: 576 | C141: 11
A142: Whisky Cask - Bottle 24 x 330ml | B142: 1228.8 | C142: 33
A143: Thistly Cross Cider Bumper Box | B143: 822 | C143: 15
A144: Scottish Fruits Cider Liqueur 50cl | B144: 258.75 | C144: 9
A145: Whisky Cask - Bottle 24 x 500ml | B145: 1096 | C145: 20
A146: Ginger - Bottle 24 x 330ml | B146: 115.2 | C146: 3
A147: Thistly Cross Selection Box Gift Box | B147: 840 | C147: 25
A148: Mix & Match Ciderboxes (2x5L) | B148: 120 | C148: 3
A149: Mix & Match 500ml Bottle Case (24 bottles) | B149: 1315.2 | C149: 24
A150: Mix & Match 330ml Bottle Case (24 Bottles) | B150: 1996.8 | C150: 56
... A187: Cloudy - 20L Ciderbox 20L Ciderbox | B187: 64 | C187: 1
A188: SE
A189: Total # Sold | B189: 56
...
